# timestamp x y z q_x q_y q_z q_w
1671108756.9839306 2.0624305058105388 -0.8048473706667103 0.042018262410351781 0 0 0 1
1671108757.0853117 2.0612442244944722 -0.80457703637568512 0.040060015622430001 0 0 0 1
1671108757.1882396 2.0642611776862623 -0.80368912518458058 0.040533195082844031 0 0 0 1
1671108757.2943933 2.064531821689719 -0.80255187775759373 0.040072890351666501 0 0 0 1
1671108757.3846722 2.0595074662040744 -0.80411473394311905 0.043318855165125569 0 0 0 1
1671108757.4855812 2.0636880901010799 -0.80526738351896521 0.040182307276609208 0 0 0 1
1671108757.5916157 2.0618892612521469 -0.8063165629911464 0.039379040937546961 0 0 0 1
1671108757.6831179 2.0610766403852092 -0.80417187707505633 0.044980676240129469 0 0 0 1
1671108757.7881002 2.0633476756710154 -0.80474825689698826 0.042897419587461627 0 0 0 1
1671108757.8839376 2.0605054360959629 -0.80551141584386543 0.044237356303824527 0 0 0 1
1671108757.9784832 2.0598026143839685 -0.80467341426472849 0.046330205636763822 0 0 0 1
1671108758.0812378 2.0601617954156461 -0.80140317977105535 0.047998496881405117 0 0 0 1
1671108758.1764388 2.0600004220751109 -0.80322241346208256 0.04617217200734558 0 0 0 1
1671108758.2807064 2.0588250502879326 -0.80416179814265354 0.045523655534339014 0 0 0 1
1671108758.3669462 2.0615362025122064 -0.80231587798480142 0.047187936266595898 0 0 0 1
1671108758.4824998 2.0590960545191357 -0.80315436461398471 0.051979778217173589 0 0 0 1
1671108758.5709717 2.0619548716802658 -0.80249583249045175 0.043518994814576217 0 0 0 1
1671108758.6753461 2.0637067895549777 -0.80522663918100745 0.043610709622043942 0 0 0 1
1671108758.7733397 2.0611366254146883 -0.80611814387168135 0.038728255523437838 0 0 0 1
1671108758.8742628 2.0592434666645918 -0.80858729716550437 0.041935101424996901 0 0 0 1
1671108758.9696536 2.0586659852488753 -0.80591058870454979 0.04280257114419328 0 0 0 1
1671108759.0698345 2.0584900313743284 -0.80536256232353798 0.04394869603584084 0 0 0 1
1671108759.1596067 2.0587079810102984 -0.80220180461740942 0.042820991253734064 0 0 0 1
1671108759.2767832 2.0601779874948378 -0.80537482076357025 0.044238212428126644 0 0 0 1
1671108759.3738873 2.0603530992580308 -0.80335833204637608 0.044383449602150904 0 0 0 1
1671108759.4758446 2.0591878233274206 -0.80342522001875494 0.044813332187459309 0 0 0 1
1671108759.5682182 2.0547693306220389 -0.80443954519961614 0.045856364891619705 0 0 0 1
1671108759.6714437 2.0612056493166904 -0.80507724175574968 0.039025372608648468 0 0 0 1
1671108759.7727044 2.0637251256212363 -0.80559896348932059 0.043877313699908882 0 0 0 1
1671108759.8677602 2.0600218714254646 -0.80279352330914533 0.040369265149365674 0 0 0 1
1671108759.970505 2.0619337841376044 -0.80570711450021815 0.041752796843411488 0 0 0 1
1671108760.0741906 2.0630352531487457 -0.80500529923476749 0.039789228762970197 0 0 0 1
1671108760.1672769 2.061123236950126 -0.8053079539735869 0.039691294223302975 0 0 0 1
1671108760.270937 2.0628986209765854 -0.80107528593973376 0.039856230507211876 0 0 0 1
1671108760.3716252 2.0598333443386223 -0.80266280379638222 0.040496929217624711 0 0 0 1
1671108760.4762986 2.0602511334766183 -0.80557914414064735 0.038545830284760996 0 0 0 1
1671108760.5682876 2.0622997494585 -0.80354884114987002 0.042830310580711739 0 0 0 1
1671108760.6684425 2.064718872316786 -0.80679111675825754 0.03749880427642438 0 0 0 1
1671108760.7676079 2.0645722224953977 -0.80367640046371325 0.035489346737335836 0 0 0 1
1671108760.8696139 2.0637262339535343 -0.80690811986546784 0.039282400086449343 0 0 0 1
1671108760.9667635 2.0642519484302153 -0.80554653706018331 0.037374172979752984 0 0 0 1
1671108761.0676 2.0624848923004642 -0.80546563854189723 0.036656145563028986 0 0 0 1
1671108761.1687679 2.0622898337158055 -0.80701779936049434 0.036970221765045608 0 0 0 1
1671108761.2653632 2.0647766454215084 -0.80518697407269935 0.035555933668433681 0 0 0 1
1671108761.3651674 2.0618455717883388 -0.80367568951280233 0.038651958252444274 0 0 0 1
1671108761.4740012 2.0614760918770001 -0.80680104567103572 0.04048702120701364 0 0 0 1
1671108761.5774527 2.0601381602096493 -0.80689880577842554 0.040976568820042303 0 0 0 1
1671108761.6724555 2.0609413859261831 -0.80712881508929968 0.043300523828634141 0 0 0 1
1671108761.773663 2.0606445969721037 -0.80674790574373745 0.042279945587097245 0 0 0 1
1671108761.8683884 2.0635359965748714 -0.80540565656675067 0.039358327359764189 0 0 0 1
1671108761.9667811 2.0599153601386773 -0.80766087919456053 0.038236845860978974 0 0 0 1
1671108762.072921 2.0608385069358355 -0.80579428448232882 0.041195312933155037 0 0 0 1
1671108762.1666222 2.0598651067881537 -0.80378588194356049 0.042756264993613513 0 0 0 1
1671108762.2703569 2.0601270950560542 -0.80545392387272952 0.040334193060175494 0 0 0 1
1671108762.3670745 2.0600235769774464 -0.80866098388247964 0.039129007636347524 0 0 0 1
1671108762.4679401 2.0585232947728014 -0.80579334964154026 0.04262848983830736 0 0 0 1
1671108762.5687068 2.0622311639915836 -0.80469447895057145 0.038414239767234903 0 0 0 1
1671108762.6720319 2.0589202862882736 -0.80699603954350418 0.040941128468944044 0 0 0 1
1671108762.7688928 2.0614775738665867 -0.80629968464381829 0.038630827618248986 0 0 0 1
1671108762.8735976 2.0596937845260523 -0.80416481328238321 0.045967320149543411 0 0 0 1
1671108762.9677079 2.0583858647277826 -0.80359349806398928 0.044408113543568106 0 0 0 1
1671108763.0672343 2.059735566994731 -0.80704285478285731 0.039418228099634689 0 0 0 1
1671108763.1673541 2.0601016437018376 -0.8045863286100029 0.040223931057312257 0 0 0 1
1671108763.2729816 2.0602218554925726 -0.80662189636455017 0.046868772860079844 0 0 0 1
1671108763.367801 2.0618295345438806 -0.80574679877993494 0.039949232139861124 0 0 0 1
1671108763.4753325 2.0636414974860289 -0.80563878317549031 0.044741940278640868 0 0 0 1
1671108763.5758531 2.0620484771760719 -0.80797993916251765 0.042686183370960862 0 0 0 1
1671108763.6725082 2.0629699618697703 -0.80561243804017935 0.039277812422938041 0 0 0 1
1671108763.7719243 2.0639427537381438 -0.80372110121734752 0.044999486890333174 0 0 0 1
1671108763.8736684 2.0643236574508772 -0.80454246925329809 0.046734421311953156 0 0 0 1
1671108763.970525 2.0620139616701918 -0.8054889693418732 0.046410018357505578 0 0 0 1
1671108764.0739472 2.0615671955279118 -0.80265684685091265 0.045341283919469788 0 0 0 1
1671108764.1740782 2.0623802880088062 -0.80364890102190734 0.04454419125147524 0 0 0 1
1671108764.2765555 2.0607696670975719 -0.80415261530602455 0.041533369979902091 0 0 0 1
1671108764.3749583 2.0611617291807294 -0.80527214620633281 0.047441459976312217 0 0 0 1
1671108764.4779892 2.0636878799682279 -0.80307919512931658 0.047402127997543175 0 0 0 1
1671108764.5797477 2.0663478395639299 -0.80599578322717103 0.04518821926592409 0 0 0 1
1671108764.6758628 2.06378683200216 -0.80681858067262791 0.040231605660665082 0 0 0 1
1671108764.7704704 2.0621389448986158 -0.8080295074429712 0.042378409298976294 0 0 0 1
1671108764.8793173 2.0631319197904201 -0.80251241535676776 0.048495202733647602 0 0 0 1
1671108764.9756529 2.0635120682888437 -0.80479738101746301 0.045184218485701422 0 0 0 1
1671108765.0750425 2.0598267583326599 -0.80251607548703718 0.047817245610531245 0 0 0 1
1671108765.1728563 2.0619060260618558 -0.80127385574915244 0.045751033573424138 0 0 0 1
1671108765.2782962 2.0654097757042078 -0.80400177962291797 0.044873534030216433 0 0 0 1
1671108765.3709788 2.0640626827184994 -0.80329478177602964 0.039360799366932042 0 0 0 1
1671108765.47616 2.0681490478119224 -0.80345298625149297 0.039728081454427411 0 0 0 1
1671108765.5801873 2.0624072932401649 -0.80198078669720896 0.041943617537526734 0 0 0 1
1671108765.6765749 2.0661165188428061 -0.80027899571513406 0.040638883802557757 0 0 0 1
1671108765.7788391 2.0638209857003478 -0.8032324387681673 0.039757132290674235 0 0 0 1
1671108765.8763192 2.062287418767955 -0.80599294639494867 0.041877320066078028 0 0 0 1
1671108765.9751432 2.0660818722013872 -0.80289338168029289 0.041036249935132219 0 0 0 1
1671108766.075629 2.0652793298116081 -0.80594797952071129 0.040414464911009418 0 0 0 1
1671108766.1761088 2.06366882423645 -0.80243231131238291 0.039572356755343208 0 0 0 1
1671108766.2736599 2.065330988524325 -0.80318591525598415 0.039756635583103161 0 0 0 1
1671108766.3741817 2.0645692095378902 -0.8039116477251983 0.041462155888780217 0 0 0 1
1671108766.4750252 2.0639051367977657 -0.80278860792083728 0.040002780002623695 0 0 0 1
1671108766.5796821 2.063977277143755 -0.80434935739645985 0.037154693287902774 0 0 0 1
1671108766.6788421 2.0626966003587555 -0.80543172096828697 0.03804527325678464 0 0 0 1
1671108766.7743857 2.065449452894502 -0.80539470459789086 0.040440463825234474 0 0 0 1
1671108766.8816395 2.0633132249429318 -0.80375872611238719 0.040473327961194627 0 0 0 1
1671108766.9724905 2.0632942655878757 -0.80214927133783342 0.038168273878682157 0 0 0 1
1671108767.0787778 2.0601427894521755 -0.80507924081081905 0.042506032667347426 0 0 0 1
1671108767.1746373 2.0647883836322078 -0.80640238239443818 0.038038593297301304 0 0 0 1
1671108767.2801962 2.0627650136115299 -0.80338610458020643 0.045292015639688543 0 0 0 1
1671108767.3743844 2.0598572520853486 -0.8054697476585142 0.039262727853611068 0 0 0 1
1671108767.4764273 2.0617418514766106 -0.80132213029468413 0.042674776246144575 0 0 0 1
1671108767.5860555 2.0613449342186123 -0.80336558125204371 0.038527967318941592 0 0 0 1
1671108767.6810119 2.0608520786741633 -0.80540674357221664 0.049821173805639773 0 0 0 1
1671108767.7743852 2.0590153524443919 -0.80435899860404203 0.046896516395577237 0 0 0 1
1671108767.873347 2.0596565380830709 -0.80496567327367152 0.045304807336719932 0 0 0 1
1671108767.9687698 2.0630205517488456 -0.80399013399763475 0.046738322203509597 0 0 0 1
1671108768.0727329 2.0611472758323912 -0.80509344534993155 0.047113096684824995 0 0 0 1
1671108768.180424 2.060787291398043 -0.80431803037620653 0.046782535498323341 0 0 0 1
1671108768.2832415 2.0600977989026266 -0.80477721711969663 0.048292305007180403 0 0 0 1
1671108768.3835289 2.0609123085953116 -0.8058585587079683 0.044188081778997912 0 0 0 1
1671108768.4845738 2.0606959507551932 -0.80299036541266378 0.050027177803940504 0 0 0 1
1671108768.585228 2.0616308760516802 -0.8048778239801776 0.046288080361932771 0 0 0 1
1671108768.6927433 2.0610527523878113 -0.80607968280827824 0.04635563125441422 0 0 0 1
1671108768.7786934 2.0583671937129178 -0.80456838484180182 0.05175258450367437 0 0 0 1
1671108768.8731837 2.0590021282942401 -0.80263692681882737 0.050437383814596615 0 0 0 1
1671108768.9689167 2.0618202926482638 -0.80606501788722573 0.046495148185954349 0 0 0 1
1671108769.0733764 2.0560947696543539 -0.80108253769265148 0.057579904266958692 0 0 0 1
1671108769.1668212 2.0557029611525701 -0.79963021821884583 0.059445999416880113 0 0 0 1
1671108769.2790744 2.0630381183812787 -0.79646133237169758 0.086767000925078719 0 0 0 1
1671108769.3716047 2.1063763419675525 -0.80721134599270572 0.10099482611110489 0 0 0 1
1671108769.4673727 2.1244689100695844 -0.82479662614583149 0.08982713419038646 0 0 0 1
1671108769.5741773 2.1240898003858231 -0.84604223150009783 0.099049381019995053 0 0 0 1
1671108769.6617966 2.1467315243284473 -0.88266291756155146 0.10860472128342735 0 0 0 1
1671108769.7610247 2.1721047091245023 -0.92077877990950041 0.11664813883714942 0 0 0 1
1671108769.861671 2.2098587919974411 -0.93961900076753613 0.13368211878014336 0 0 0 1
1671108769.9600194 2.2477200979229548 -0.95882468417836486 0.11908107919316535 0 0 0 1
1671108770.062494 2.2819906283964881 -1.0004800846131801 0.11524056871519406 0 0 0 1
1671108770.1661663 2.320115879353339 -1.0423859474365553 0.10449326231685063 0 0 0 1
1671108770.2613859 2.3391650954329144 -1.0625647116248722 0.11843025249584116 0 0 0 1
1671108770.3702228 2.3718854647985417 -1.0802852651036203 0.13235264118395662 0 0 0 1
1671108770.4722764 2.4231325454278796 -1.1175961721524408 0.11687626728121359 0 0 0 1
1671108770.5796416 2.5066847389386959 -1.1311624771050062 0.13510392084822342 0 0 0 1
1671108770.6628523 2.5642310068275087 -1.1350972195709588 0.13029090240843288 0 0 0 1
1671108770.7607465 2.5967936659579922 -1.1459864198981453 0.13947018251337795 0 0 0 1
1671108770.8603916 2.6388042757159318 -1.1509501623868805 0.14246573095351778 0 0 0 1
1671108770.9609723 2.7012651978921136 -1.1471278000373291 0.1386154198770555 0 0 0 1
1671108771.0602703 2.7775156247583679 -1.1568236658418589 0.14124241589672692 0 0 0 1
1671108771.1599059 2.826247656882539 -1.1847966193214996 0.13033295021728009 0 0 0 1
1671108771.2620184 2.887414330535393 -1.2161721822520135 0.14227950165479797 0 0 0 1
1671108771.3613875 2.9692731795189982 -1.2363810128399131 0.14232811919475807 0 0 0 1
1671108771.4679263 3.0367478146628528 -1.2613228525163152 0.15139698831228543 0 0 0 1
1671108771.5623453 3.0807095695683557 -1.2864112114934876 0.14884555908304264 0 0 0 1
1671108771.661283 3.1209362391008932 -1.3083457290848302 0.15092227564673522 0 0 0 1
1671108771.7609878 3.1593860228680559 -1.3453003741141716 0.1494499517488066 0 0 0 1
1671108771.8629768 3.2191533223236606 -1.401091373275889 0.16333666285663639 0 0 0 1
1671108771.9669611 3.2565177027631731 -1.4261804413270511 0.15732697102907878 0 0 0 1
1671108772.0665231 3.2788106140714159 -1.4479775483158674 0.15779298987365564 0 0 0 1
1671108772.1655412 3.3121078178647685 -1.470843282763286 0.16050419964619778 0 0 0 1
1671108772.2795396 3.3629730223244532 -1.4965518018202761 0.16400237974880838 0 0 0 1
1671108772.37392 3.404884756675854 -1.5132672130888578 0.17396425795277537 0 0 0 1
1671108772.4645073 3.4439625840887493 -1.5292557580937969 0.17369702042765311 0 0 0 1
1671108772.5670342 3.4702941176744906 -1.5486672776801338 0.16649383695846609 0 0 0 1
1671108772.6661346 3.5003904506824095 -1.5645560237050726 0.16637324953637744 0 0 0 1
1671108772.7626171 3.5440442211346719 -1.594966656924369 0.16261173583336586 0 0 0 1
1671108772.8619056 3.5688669431759124 -1.60596727249643 0.16247701963959571 0 0 0 1
1671108772.9617977 3.5957746784209039 -1.6243227228353145 0.17135171605173127 0 0 0 1
1671108773.0630372 3.6477868590837037 -1.6473268433479837 0.1741126927345249 0 0 0 1
1671108773.1611631 3.6837309223483876 -1.6737109726338695 0.17424041427398151 0 0 0 1
1671108773.262929 3.7132332982610459 -1.6876327803913169 0.18600378398093653 0 0 0 1
1671108773.3606908 3.7411329300845226 -1.6999867936496802 0.19488102945069841 0 0 0 1
1671108773.4649019 3.7631490411287269 -1.7100144820836543 0.19581303958807439 0 0 0 1
1671108773.5630431 3.7998044222663894 -1.7254825527031792 0.20236519256548036 0 0 0 1
1671108773.6699963 3.8335364225291966 -1.7471323366667839 0.1908043164156652 0 0 0 1
1671108773.7703378 3.869282110902033 -1.7739399903902933 0.18192284922656654 0 0 0 1
1671108773.8673649 3.9371984129116306 -1.8079904690539508 0.19078179552332131 0 0 0 1
1671108773.9660056 3.9747224777291326 -1.8542441620268926 0.19657310673790107 0 0 0 1
1671108774.0642254 4.0067472172981171 -1.8760946461053987 0.20135190567464178 0 0 0 1
1671108774.1624343 4.0533087532264265 -1.9078984562092967 0.18890364347555533 0 0 0 1
1671108774.266943 4.1043548038642363 -1.9328090530587645 0.19458191821081527 0 0 0 1
1671108774.3678272 4.1367835838789082 -1.9968645235404907 0.20722160323464323 0 0 0 1
1671108774.4647532 4.1827189736769368 -2.0437168584968886 0.19586071781623104 0 0 0 1
1671108774.5613935 4.2430172464603313 -2.0811008031161049 0.19257436039629283 0 0 0 1
1671108774.6616099 4.3151684293012673 -2.1267846415174896 0.19257467588533927 0 0 0 1
1671108774.7641511 4.3672022117792348 -2.1920822978184544 0.17823995548690164 0 0 0 1
1671108774.8604167 4.4207676020562392 -2.2210872861682791 0.19080864714203472 0 0 0 1
1671108774.9599512 4.4683782207177227 -2.2671484662903549 0.18892691112660032 0 0 0 1
1671108775.0607955 4.5269511021340483 -2.3170969192638848 0.18299697826819283 0 0 0 1
1671108775.1581249 4.5875976061316024 -2.3668818217543097 0.18617325197999435 0 0 0 1
1671108775.2618005 4.6374678204780349 -2.4051779365021058 0.1944467014827751 0 0 0 1
1671108775.3580809 4.6887757961858947 -2.4528087021082214 0.19378475591236111 0 0 0 1
1671108775.4597709 4.747654917004823 -2.4963740084169372 0.21370203969058821 0 0 0 1
1671108775.5566108 4.8305048765436513 -2.5614376594419421 0.19246117356613013 0 0 0 1
1671108775.658169 4.8923753222461723 -2.598694027855025 0.18892332568827896 0 0 0 1
1671108775.7613575 4.9406991539261673 -2.6282722822146272 0.20414536161774777 0 0 0 1
1671108775.8635404 4.9976508366910837 -2.6880024866244812 0.19615415706198291 0 0 0 1
1671108775.9631593 5.0547449113222314 -2.7348097158144782 0.20481452067338068 0 0 0 1
1671108776.0603113 5.1049400495156743 -2.7596383245929439 0.22161912307967668 0 0 0 1
1671108776.1610775 5.1577807990229072 -2.7984845154536915 0.22029281387096944 0 0 0 1
1671108776.2604711 5.2226896298881629 -2.856461452710688 0.21421963400416644 0 0 0 1
1671108776.3574216 5.310647138562623 -2.8988314100241115 0.21523449709911802 0 0 0 1
1671108776.4612277 5.3521073116348603 -2.9301623596118893 0.22159993440504877 0 0 0 1
1671108776.5585017 5.3965824677059082 -2.9544784597922829 0.22480235612863453 0 0 0 1
1671108776.6652319 5.4418283033906167 -2.9818966542407521 0.22029030714088549 0 0 0 1
1671108776.7602861 5.4765154996603593 -3.0326344724043066 0.23257331747231547 0 0 0 1
1671108776.8582444 5.5207502195103668 -3.0495201327534409 0.2155827800422685 0 0 0 1
1671108776.9666471 5.5486942217544879 -3.0720961345277571 0.21923133165751096 0 0 0 1
1671108777.0612159 5.5838924879790763 -3.1035161127858277 0.23537762840123833 0 0 0 1
1671108777.1510613 5.6536578492789094 -3.1322093797952486 0.23566044392964614 0 0 0 1
1671108777.2624934 5.6836103637291284 -3.1542303214266183 0.23043003994155242 0 0 0 1
1671108777.3616576 5.7018258682392124 -3.172451008158033 0.23866702551345043 0 0 0 1
1671108777.4615076 5.7267810987928884 -3.186915543748142 0.23966306070110477 0 0 0 1
1671108777.5583391 5.7557809072314701 -3.1937766581655369 0.24568141460042625 0 0 0 1
1671108777.6592441 5.8038912929122937 -3.2075166263181907 0.23346026019373767 0 0 0 1
1671108777.7677073 5.828553602220321 -3.2240290102237354 0.2331068815120716 0 0 0 1
1671108777.8623233 5.8527610552712721 -3.2552122555031806 0.24595303188084472 0 0 0 1
1671108777.9583716 5.8857197547895819 -3.2954419717178816 0.24843387118585269 0 0 0 1
1671108778.062372 5.9190381259128815 -3.3211151924576385 0.23855602897162953 0 0 0 1
1671108778.1602085 5.9407237880380235 -3.3410925054944705 0.24836774836637687 0 0 0 1
1671108778.2591748 5.9582501855595762 -3.3502771697083635 0.2588983466762329 0 0 0 1
1671108778.3628321 5.9625101899062836 -3.3695815358673835 0.23431508214730457 0 0 0 1
1671108778.4615088 5.9720764611288075 -3.376864793442516 0.2368899507551987 0 0 0 1
1671108778.5587325 5.9677384627352374 -3.3823451469426504 0.21249177413642428 0 0 0 1
1671108778.6612365 5.9596097743402137 -3.3784116932511852 0.1975872076595806 0 0 0 1
1671108778.7665439 5.9485578172465186 -3.3751443178446565 0.17715409941240523 0 0 0 1
1671108778.8603811 5.9324825837704713 -3.371999065115852 0.17810320903549837 0 0 0 1
1671108778.9584789 5.9229243900231747 -3.370749182713388 0.1682090006576118 0 0 0 1
1671108779.0603118 5.9137212015096043 -3.372385951650819 0.15972022509549788 0 0 0 1
1671108779.1618881 5.9073583574255544 -3.3676382647709477 0.15811026006315387 0 0 0 1
1671108779.2699471 5.9010845006544077 -3.3691595073359002 0.15677198852199581 0 0 0 1
1671108779.3652956 5.8982581837777097 -3.3672842152392835 0.15643405182800052 0 0 0 1
1671108779.4667647 5.8995582125344104 -3.3718634539444263 0.154056842826094 0 0 0 1
1671108779.562072 5.8990182358828873 -3.3712452976119809 0.15825069217441978 0 0 0 1
1671108779.6641848 5.8940214915379903 -3.3755281779783668 0.15522977279090355 0 0 0 1
1671108779.7600203 5.8937475833655713 -3.3761906599483522 0.15228915991690428 0 0 0 1
1671108779.8620749 5.8938917937499422 -3.376484962388143 0.15344337787144013 0 0 0 1
1671108779.9593561 5.8931797230325724 -3.3747673425257831 0.15484816179684913 0 0 0 1
1671108780.0613294 5.8936298623601067 -3.3746478929859456 0.15100479336865646 0 0 0 1
1671108780.1688814 5.8912259441146029 -3.3765202639229552 0.15286472278216934 0 0 0 1
1671108780.274755 5.8866488722036365 -3.3677612816675246 0.1812926911879913 0 0 0 1
1671108780.3692851 5.8958853533446858 -3.3648032233994982 0.20827545899464894 0 0 0 1
1671108780.4690137 5.8971074907510301 -3.3891825054374336 0.17216099520419448 0 0 0 1
1671108780.5631974 5.8988445800401683 -3.3984899831700925 0.18759408615483153 0 0 0 1
1671108780.6692464 5.9316018893392037 -3.4145900627384633 0.19651515885368553 0 0 0 1
1671108780.7714219 5.9793844709309951 -3.4324700157551717 0.20139372951723544 0 0 0 1
1671108780.8644028 6.0265027720197288 -3.4579089625511155 0.19372687993688942 0 0 0 1
1671108780.9607644 6.075043853419503 -3.4856677429737859 0.20544563133807969 0 0 0 1
1671108781.0625839 6.12328234667247 -3.5288621376254703 0.19728660076964388 0 0 0 1
1671108781.1620076 6.1775298763750213 -3.5604545181948271 0.19396250284694361 0 0 0 1
1671108781.2631149 6.2350877260598541 -3.6008100649449446 0.18175852453202879 0 0 0 1
1671108781.3640592 6.3405523727110236 -3.6530052840781324 0.18834882275564269 0 0 0 1
1671108781.4666238 6.3834136389620362 -3.7163229951822405 0.20654307262350358 0 0 0 1
1671108781.5651343 6.4033181676362974 -3.7301815466756301 0.26565438315969914 0 0 0 1
1671108781.6629388 6.5161680305333078 -3.7845924937259454 0.19937200797517107 0 0 0 1
1671108781.7670763 6.5766635406472469 -3.8677724096456214 0.21222528670921292 0 0 0 1
1671108781.8600585 6.6431132212071562 -3.8955411380184124 0.21524944796988166 0 0 0 1
1671108781.9574747 6.6496583515903422 -3.9591707817506174 0.23258838532069603 0 0 0 1
1671108782.05825 6.7308460962830159 -3.9899038123717721 0.23542662136105719 0 0 0 1
1671108782.1587474 6.7976047851013384 -4.053567190945909 0.25768195076864231 0 0 0 1
1671108782.2518015 6.855908937409068 -4.0913108747150639 0.26401528203143698 0 0 0 1
1671108782.3600297 6.8520540763105346 -4.1003451488805531 0.34430424286233574 0 0 0 1
1671108782.4651847 6.9259113032866768 -4.1258234765653192 0.34165440750734888 0 0 0 1
1671108782.5624051 6.9899679885595143 -4.1754480129034022 0.34476085828180203 0 0 0 1
1671108782.6685631 7.0470730043184755 -4.2060104771102669 0.346170121050136 0 0 0 1
1671108782.763675 7.1163517998399 -4.2559442816528374 0.32802753742430468 0 0 0 1
1671108782.8617728 7.1803778507448319 -4.3151350795760353 0.33488835700529762 0 0 0 1
1671108782.9569519 7.2357700143801758 -4.3780429469865707 0.32591168979649865 0 0 0 1
1671108783.060643 7.2973023760733575 -4.3898167906511087 0.32831561029217937 0 0 0 1
1671108783.1574001 7.3421996313757845 -4.4415965052965962 0.34996299090641969 0 0 0 1
1671108783.2650495 7.3946437574950217 -4.5012077287265662 0.36122353798270979 0 0 0 1
1671108783.3576279 7.4693373535102561 -4.5206200201296856 0.32755468590517012 0 0 0 1
1671108783.4601676 7.5161717303572901 -4.5533036122111419 0.33650179800997648 0 0 0 1
1671108783.5610297 7.5844643716148914 -4.597411881235792 0.34517105699023887 0 0 0 1
1671108783.6696396 7.661343589441457 -4.6471334038534957 0.35038394273067297 0 0 0 1
1671108783.7631576 7.7191899096633385 -4.676385778988478 0.3694930669837504 0 0 0 1
1671108783.8590882 7.7921918374743377 -4.6851883319569563 0.37791756361548323 0 0 0 1
1671108783.9585063 7.8387522318914788 -4.7278135820495342 0.35451513887801411 0 0 0 1
1671108784.0627961 7.9069233705422546 -4.7728462943900336 0.3546974828528846 0 0 0 1
1671108784.1595132 7.967924108759763 -4.8051048865057266 0.35610154225423685 0 0 0 1
1671108784.2596295 8.0216593874976425 -4.8494009067664017 0.36153897421775127 0 0 0 1
1671108784.3573833 8.0971359693279155 -4.8910265118826715 0.35893038672952571 0 0 0 1
1671108784.4632397 8.1427230694537727 -4.9455419683146946 0.38189990065473012 0 0 0 1
1671108784.557611 8.1984626577407145 -5.0024806910727522 0.36869671375598045 0 0 0 1
1671108784.666904 8.2732329617265599 -5.0091884417283445 0.37625721900769804 0 0 0 1
1671108784.7609978 8.3630513626987302 -5.0306877842963456 0.37089408526151146 0 0 0 1
1671108784.8610222 8.4452762694300869 -5.0661469607757583 0.37331654773777245 0 0 0 1
1671108784.9530683 8.4684357417603753 -5.1220656491610743 0.36899303384086579 0 0 0 1
1671108785.0567579 8.5273763280184234 -5.1663170161274063 0.35971260197663923 0 0 0 1
1671108785.1551468 8.6193726770029659 -5.1817160852272943 0.35165197088394962 0 0 0 1
1671108785.2579982 8.7402663464724402 -5.2094191666747713 0.36044004324708112 0 0 0 1
1671108785.3532419 8.8132165199839747 -5.2410230522343921 0.36528239253777883 0 0 0 1
1671108785.457664 8.8753627753242323 -5.2531337990857416 0.36948605536247214 0 0 0 1
1671108785.5533738 8.9944758240353853 -5.3224617313953253 0.28357116319648412 0 0 0 1
1671108785.6622753 9.0794228881066523 -5.3531394759639355 0.28834785033154731 0 0 0 1
1671108785.7643256 9.1726482946621335 -5.3617519363713448 0.28712313019491376 0 0 0 1
1671108785.8637013 9.1908477642976791 -5.3693954804870572 0.35029099043799761 0 0 0 1
1671108785.9552071 9.2735341441010277 -5.39805922071172 0.34611739124466112 0 0 0 1
1671108786.0626705 9.4058784550920809 -5.4183604359048925 0.33841067186688178 0 0 0 1
1671108786.1550694 9.4773673078736103 -5.45759182152434 0.34904081220122407 0 0 0 1
1671108786.2507775 9.5372912850694824 -5.4953471153913425 0.36450039841884063 0 0 0 1
1671108786.3516738 9.6214629288983513 -5.5285061282434063 0.34901178715995229 0 0 0 1
1671108786.4536552 9.7091603957986958 -5.5774193421742515 0.35623696866252885 0 0 0 1
1671108786.5586445 9.7647915405245804 -5.6059425791666291 0.35489328080700488 0 0 0 1
1671108786.6663673 9.8270330089559579 -5.6317256638759465 0.35117122584006211 0 0 0 1
1671108786.758992 9.9154579794886892 -5.6521865809254468 0.3659698499178603 0 0 0 1
1671108786.8688409 10.002587152360789 -5.6913860370329576 0.37644988091506093 0 0 0 1
1671108786.9618037 10.0484376737658 -5.7318442698699714 0.36518960795376643 0 0 0 1
1671108787.0641592 10.117342473099516 -5.7407590593703848 0.3684227275888361 0 0 0 1
1671108787.1569369 10.189269982949174 -5.7611436199166679 0.37599357319629689 0 0 0 1
1671108787.2591677 10.26915208138624 -5.7978631937129137 0.38150062829538456 0 0 0 1
1671108787.3569443 10.34046681856069 -5.8090440262914518 0.37206441268028811 0 0 0 1
1671108787.4564364 10.404379167843429 -5.8315614315265467 0.36147522519445374 0 0 0 1
1671108787.5591013 10.502312348153771 -5.8361916458007936 0.35833806452740191 0 0 0 1
1671108787.6647949 10.572368429834118 -5.8942935451149872 0.37276706767863743 0 0 0 1
1671108787.7598801 10.621046312460303 -5.9291127459197517 0.36780261408739534 0 0 0 1
1671108787.8553023 10.67946951292835 -5.9524539929728473 0.38292798051793397 0 0 0 1
1671108787.9576464 10.761524356614769 -5.9729909592467623 0.38212840944299842 0 0 0 1
1671108788.060518 10.847990742033025 -6.0088044834201675 0.38754640970330456 0 0 0 1
1671108788.1554296 10.872047930345555 -6.0601200916437516 0.40456496325725766 0 0 0 1
1671108788.258338 10.909672205624181 -6.0261583122507281 0.47229421493625523 0 0 0 1
1671108788.3555284 11.003742986912407 -6.0575014659818915 0.47832674844346457 0 0 0 1
1671108788.4581757 11.06693073492403 -6.0954351374726636 0.47757945931471113 0 0 0 1
1671108788.5593843 11.10189371555237 -6.1237174723083223 0.49795514826257659 0 0 0 1
1671108788.6644211 11.184721953200116 -6.1125392486501555 0.50313330440712889 0 0 0 1
1671108788.7573953 11.236474909710987 -6.1582703181629892 0.50839556048458689 0 0 0 1
1671108788.8502564 11.347861366348939 -6.1550332153492358 0.47575399018990083 0 0 0 1
1671108788.9544368 11.369870590407418 -6.2048638421856399 0.50913561534991914 0 0 0 1
1671108789.0560334 11.454475537656531 -6.231208959531771 0.52384862865051218 0 0 0 1
1671108789.1525645 11.548229322478081 -6.2586596015224085 0.51667755279413541 0 0 0 1
1671108789.2552168 11.60031753884436 -6.3061437252916175 0.50308950728253876 0 0 0 1
1671108789.3511994 11.654920869283577 -6.3278637951251753 0.51147600410786254 0 0 0 1
1671108789.4521925 11.711099839044003 -6.3587175018541258 0.51729667705740212 0 0 0 1
1671108789.5534339 11.784655525377705 -6.3893380977941003 0.51823978491006528 0 0 0 1
1671108789.6524184 11.849281514264444 -6.4175730602129617 0.51240768213244792 0 0 0 1
1671108789.7529933 11.86712247434547 -6.448454440535186 0.50803260259988292 0 0 0 1
1671108789.8520434 11.938066387074318 -6.4703540471253778 0.50886414050171425 0 0 0 1
1671108789.9531233 12.036671892974045 -6.4864674695919966 0.51308054846379036 0 0 0 1
1671108790.0521412 12.085330437848045 -6.5221141935274254 0.54391031945306167 0 0 0 1
1671108790.1644921 12.137153111857325 -6.5351647611753778 0.54439991287063094 0 0 0 1
1671108790.2638426 12.189022663661955 -6.5551064910051622 0.54265648911530207 0 0 0 1
1671108790.3602772 12.26976035592414 -6.5739210591777182 0.53923474837199592 0 0 0 1
1671108790.4632342 12.328462955667815 -6.5693591262216575 0.52388506512147615 0 0 0 1
1671108790.5652542 12.389070995873798 -6.5727770652917945 0.52127889719099585 0 0 0 1
1671108790.668272 12.462171889938245 -6.5917254810002435 0.52209515725508027 0 0 0 1
1671108790.7636974 12.523394853916262 -6.6234888414428008 0.52674404844401579 0 0 0 1
1671108790.8606758 12.567200116725184 -6.6351137394838098 0.53911167255375858 0 0 0 1
1671108790.9583316 12.622000010647866 -6.6152490958773651 0.53623521492761483 0 0 0 1
1671108791.0592735 12.68327017236035 -6.6073187579448431 0.53481528774227627 0 0 0 1
1671108791.1581442 12.741281750220635 -6.6131037575971163 0.5513495415585794 0 0 0 1
1671108791.2646646 12.763957355320718 -6.6197092244972637 0.53737073010529457 0 0 0 1
1671108791.3598635 12.818486507283277 -6.6166094442048093 0.52684506957496069 0 0 0 1
1671108791.4636242 12.887408071426702 -6.5956994743111972 0.52231593071246607 0 0 0 1
1671108791.5621257 12.925739799239794 -6.6045031602697089 0.53685651701925963 0 0 0 1
1671108791.6721258 12.939999422467764 -6.6174588120161122 0.55282029215516104 0 0 0 1
1671108791.7570581 12.966255581557533 -6.6144574618918917 0.55759813743861741 0 0 0 1
1671108791.8595412 13.010730548035029 -6.5878195425703474 0.55131314751588434 0 0 0 1
1671108791.9527955 13.076383107790733 -6.5627937321239012 0.55638494485458523 0 0 0 1
1671108792.0539834 13.112215866211692 -6.5496548176642904 0.55260732835449744 0 0 0 1
1671108792.1522713 13.156655358945907 -6.5314278542404844 0.54209080698751677 0 0 0 1
1671108792.2521043 13.205860027252331 -6.5242587811732884 0.53497476748384543 0 0 0 1
1671108792.3599684 13.268588148359163 -6.5048082298054588 0.53741032106756847 0 0 0 1
1671108792.4633536 13.319226397489224 -6.4899557167870094 0.55300899306064366 0 0 0 1
1671108792.5729904 13.355924528812647 -6.4738416632726929 0.56386358972986272 0 0 0 1
1671108792.6742251 13.395669580958446 -6.4457438136962262 0.55593799631003549 0 0 0 1
1671108792.7583034 13.441846977444092 -6.4392436918098879 0.55673597434156363 0 0 0 1
1671108792.8548572 13.500964297280163 -6.4171164000734446 0.56892903190635025 0 0 0 1
1671108792.9563248 13.540294446849773 -6.3952825244678211 0.5601868555212377 0 0 0 1
1671108793.0549192 13.586445135133957 -6.3749375792914362 0.57813071455086629 0 0 0 1
1671108793.1562526 13.637722376937296 -6.3430345112970858 0.56349337314588865 0 0 0 1
1671108793.2584028 13.706253219581962 -6.2939013393702163 0.57337944596395118 0 0 0 1
1671108793.3596511 13.765213702103194 -6.2533416982273993 0.57666598673483804 0 0 0 1
1671108793.4579771 13.797471885051095 -6.2195591437539699 0.58437352879559512 0 0 0 1
1671108793.5560389 13.831443642158053 -6.1925807500009666 0.59194936921949193 0 0 0 1
1671108793.6551723 13.870504746629816 -6.1552606139968837 0.58710367328376378 0 0 0 1
1671108793.7528253 13.912054195355148 -6.117001755731323 0.57656650467015425 0 0 0 1
1671108793.8523383 13.969632690987666 -6.1299241216221416 0.83675135050248173 0 0 0 1
1671108793.9530005 13.991369807222483 -6.0982773391641585 0.81606777276988396 0 0 0 1
1671108794.0537024 14.033021715462434 -6.0531421628837858 0.78973161272142534 0 0 0 1
1671108794.1530468 14.118800896937421 -6.0091640057857161 0.86408121815702543 0 0 0 1
1671108794.2534981 14.168518644890328 -5.9748610936981796 0.8654082714829201 0 0 0 1
1671108794.3474672 14.208302371750522 -5.9344310201748156 0.87551615745189793 0 0 0 1
1671108794.4526455 14.245298499896936 -5.8964444612026368 0.88875884784329173 0 0 0 1
1671108794.552454 14.301260861395763 -5.8635567397373087 0.91257532214513049 0 0 0 1
1671108794.6529582 14.370289180927671 -5.8378558683295285 0.93623624484450829 0 0 0 1
1671108794.7494471 14.422776708960498 -5.8224973938161062 0.95123253547205877 0 0 0 1
1671108794.8572938 14.470337929022383 -5.8104348889323001 0.9754450011590734 0 0 0 1
1671108794.9528415 14.50091076908088 -5.7868431965170002 0.97823030136532907 0 0 0 1
1671108795.0519209 14.536590186608063 -5.7195614738366389 0.94861154514637747 0 0 0 1
1671108795.1586187 14.566506700402922 -5.6451480756085335 0.89031446551450699 0 0 0 1
1671108795.2524345 14.608538356624921 -5.6268710729311371 0.92368520373997853 0 0 0 1
1671108795.3493392 14.63363683853559 -5.5914311314075968 0.93356407619000947 0 0 0 1
1671108795.4507406 14.675396750321566 -5.5521270271602798 0.97257643209195521 0 0 0 1
1671108795.5500762 14.696022994495108 -5.5180218231072322 0.96994096547041408 0 0 0 1
1671108795.6554716 14.68848255326958 -5.4760617601642521 0.88889808888075095 0 0 0 1
1671108795.7513587 14.720644146993173 -5.4513335607673508 0.9161602912138278 0 0 0 1
1671108795.8509638 14.759260576381523 -5.420108300340277 0.91094959819542964 0 0 0 1
1671108795.9506032 14.808454273541157 -5.3870246043111898 0.89922049829544903 0 0 0 1
1671108796.0493801 14.887039896520648 -5.3267080152853854 0.94915534093024689 0 0 0 1
1671108796.1497402 14.914379454776242 -5.2965078107994712 0.92799024255964468 0 0 0 1
1671108796.2428594 14.936941952313925 -5.2560659360004349 0.89391513587338522 0 0 0 1
1671108796.3512194 14.96228540094152 -5.2204117483540662 0.90346544678982355 0 0 0 1
1671108796.4500177 15.012602814335507 -5.1852640591361796 0.94023934832659961 0 0 0 1
1671108796.5510952 15.090408924221826 -5.1412514295661742 0.9701977649501714 0 0 0 1
1671108796.652941 15.136744903862922 -5.1248916225902814 0.99793335561400909 0 0 0 1
1671108796.756182 15.165227182736396 -5.086984933851741 0.97344599257723985 0 0 0 1
1671108796.8508909 15.21261999079718 -5.0460064085565977 0.95701570390531288 0 0 0 1
1671108796.9487104 15.25521995526694 -4.9992647274854241 0.95493627303892481 0 0 0 1
1671108797.0488117 15.327260026807567 -4.9591479925381492 1.016841068741769 0 0 0 1
1671108797.1484833 15.360198525923039 -4.9228078033571796 1.0105030061491789 0 0 0 1
1671108797.2528429 15.376535487765828 -4.8850821250264911 0.98433417400792678 0 0 0 1
1671108797.3501446 15.396513681434215 -4.837011398114087 0.94803572237003664 0 0 0 1
1671108797.4490855 15.441718083028393 -4.8048687753242589 0.97086379317397586 0 0 0 1
1671108797.5495844 15.495340121488386 -4.7446309736826668 0.93163964457073689 0 0 0 1
1671108797.652992 15.551856950115809 -4.731580930902302 0.99084710454405922 0 0 0 1
1671108797.7504497 15.600066955357859 -4.684214573745006 0.9825993367215915 0 0 0 1
1671108797.8519258 15.629642878558645 -4.6406603675478539 0.96031507609211531 0 0 0 1
1671108797.9503865 15.691864397798637 -4.5674629470189183 0.95435050188666537 0 0 0 1
1671108798.0485935 15.724770936971296 -4.5316282446059422 0.93721372246704959 0 0 0 1
1671108798.149322 15.747463688438108 -4.4904230885920242 0.93136005225130702 0 0 0 1
1671108798.2492993 15.806887765899154 -4.4503883490893701 0.98188371488981829 0 0 0 1
1671108798.3497484 15.874617650050158 -4.4141084487601514 1.0404537115513222 0 0 0 1
1671108798.4435606 15.941508954817262 -4.3638889256084479 1.0517675806762554 0 0 0 1
1671108798.5500104 15.964625809677276 -4.3418969311954045 1.0201818830965976 0 0 0 1
1671108798.6529181 16.02543418785833 -4.2961914336604421 1.0393542454952467 0 0 0 1
1671108798.7461362 16.09434285332053 -4.2572480936301327 1.0902984755915668 0 0 0 1
1671108798.8491957 16.139811972539764 -4.1750307640856423 1.0495706793464024 0 0 0 1
1671108798.9519949 16.194497860700601 -4.1360897011628612 1.0876169166118643 0 0 0 1
1671108799.0513952 16.275125286143751 -4.1517149707643872 1.294159683715975 0 0 0 1
1671108799.1510329 16.339111869991239 -4.0422603593112498 1.1542653401317011 0 0 0 1
1671108799.2519557 16.372000539971758 -3.9723447136596213 1.0396590022120336 0 0 0 1
1671108799.3492594 16.465594779450587 -3.9124196805463582 1.0844177680415896 0 0 0 1
1671108799.4509192 16.498590328845367 -3.8836442253057033 1.0816144391183116 0 0 0 1
1671108799.5485201 16.576224356515439 -3.8444709137710742 1.1519931085147164 0 0 0 1
1671108799.6503119 16.61579781938822 -3.7719589936387976 1.0774800407086786 0 0 0 1
1671108799.7481289 16.715485564773221 -3.6991457225575584 1.1309521213756852 0 0 0 1
1671108799.8485718 16.746278326240613 -3.6515636599712553 1.0986470512575579 0 0 0 1
1671108799.9494443 16.797302739514464 -3.6073494769575629 1.106095988427569 0 0 0 1
1671108800.0571015 16.872646535551734 -3.5596528405362546 1.1161662947217792 0 0 0 1
1671108800.1524911 16.930297357173927 -3.4870197451692277 1.068679627260849 0 0 0 1
1671108800.2555716 16.949129170278937 -3.4594960358455875 1.0556414485115511 0 0 0 1
1671108800.35026 17.007157280696831 -3.4188442731345874 1.0838014691796616 0 0 0 1
1671108800.4526596 17.105132255325447 -3.3594397737978854 1.1500291038314572 0 0 0 1
1671108800.550019 17.142798005773205 -3.2697794130967353 1.1276752565019024 0 0 0 1
1671108800.6518404 17.160836045980119 -3.2322360586164929 1.09967037629076 0 0 0 1
1671108800.7487137 17.158465967813473 -3.1935420207693537 1.0363475086284097 0 0 0 1
1671108800.8498747 17.195385986788907 -3.1442682177114296 1.0164767786154698 0 0 0 1
1671108800.9509923 17.242378287953798 -3.0958702010681756 1.0053446330289262 0 0 0 1
1671108801.048193 17.301512234354284 -3.0483456033717178 1.0128080817803493 0 0 0 1
1671108801.1519403 17.347712670406189 -3.0065471016435761 0.99056413938910737 0 0 0 1
1671108801.2526278 17.421229330487453 -2.9666365774516401 1.0100413877178198 0 0 0 1
1671108801.3480637 17.475556319637018 -2.9210765741503795 1.019474877238963 0 0 0 1
1671108801.4487524 17.533771133093804 -2.8397181711743116 0.99498734910469011 0 0 0 1
1671108801.5502255 17.608162347935188 -2.8097987876059074 1.039307424042704 0 0 0 1
1671108801.6516011 17.64616440258283 -2.7757371342901047 1.0329748117410418 0 0 0 1
1671108801.7535901 17.696879568236412 -2.7254962706792174 1.0169315273517441 0 0 0 1
1671108801.8498507 17.755235246541371 -2.6906009277424423 0.990445245293472 0 0 0 1
1671108801.9479454 17.842689566822877 -2.6568971330356717 1.0109516700692893 0 0 0 1
1671108802.0483496 17.893775015000493 -2.6232761598869505 0.99321024056416718 0 0 0 1
1671108802.1501276 17.888988952538796 -2.5676954466785431 0.91626664276736847 0 0 0 1
1671108802.2533145 17.946331617493602 -2.4660627879340855 0.88621015567684935 0 0 0 1
1671108802.3508594 18.010674378104966 -2.460714122572083 0.95109560618016076 0 0 0 1
1671108802.4501333 18.039923145784659 -2.4474421916504427 0.99582851978573217 0 0 0 1
1671108802.5506027 18.069866530515448 -2.398149104032302 1.0002356655470521 0 0 0 1
1671108802.652384 18.117873897380679 -2.358044994731272 1.0131845967205209 0 0 0 1
1671108802.7530146 18.186417110214546 -2.325566816518069 1.0559134129294989 0 0 0 1
1671108802.8536723 18.232913881775954 -2.2976231999860204 1.0846682297617463 0 0 0 1
1671108802.9509575 18.284860503358889 -2.2824275764003841 1.1535551451481751 0 0 0 1
1671108803.0500357 18.310507445442497 -2.2481994561341718 1.1549353450656099 0 0 0 1
1671108803.1496153 18.342816045265359 -2.1925335356668927 1.1288909760179422 0 0 0 1
1671108803.2540808 18.418299130154416 -2.134102995372702 1.0647822301961014 0 0 0 1
1671108803.3527033 18.436767813152084 -2.1169361990514393 1.0571281319986383 0 0 0 1
1671108803.4489334 18.452869534427091 -2.0704340932878109 1.0446265460677751 0 0 0 1
1671108803.5508616 18.487337305391062 -2.0082031837355423 1.0403424067884544 0 0 0 1
1671108803.6515656 18.538594702279468 -1.9700657928340997 1.0709746408012961 0 0 0 1
1671108803.7492547 18.589341497667096 -1.9318394142864974 1.092916750780546 0 0 0 1
1671108803.8504541 18.635892571981277 -1.8976609696874405 1.1073283038347199 0 0 0 1
1671108803.9426825 18.687473212443855 -1.8559283548623859 1.1407151240359781 0 0 0 1
1671108804.0509608 18.719122474625518 -1.7733602599960125 1.1389309600635897 0 0 0 1
1671108804.1455622 18.742648225106059 -1.7378279098694218 1.1352155771802472 0 0 0 1
1671108804.2491326 18.778605726603612 -1.6865636664079446 1.0433967023938067 0 0 0 1
1671108804.3477709 18.832402823898601 -1.6455044064229165 1.0215367983535089 0 0 0 1
1671108804.4490991 18.867629479387467 -1.6202350209499967 1.0946711238572107 0 0 0 1
1671108804.5499187 18.895585129785349 -1.6039582381055699 1.1194388632056871 0 0 0 1
1671108804.6519108 18.930969800438987 -1.5843955809199561 1.1223208251294636 0 0 0 1
1671108804.7504215 18.981417796390925 -1.5496517509666841 1.1475222016796351 0 0 0 1
1671108804.8459492 19.027279865623111 -1.4816749034403069 1.1475291661054143 0 0 0 1
1671108804.9465814 19.0773812821947 -1.4335255352754068 1.147728073293024 0 0 0 1
1671108805.0507066 19.111023979155352 -1.3951780060270944 1.1603049472212206 0 0 0 1
1671108805.1475134 19.121503405594918 -1.3568080667426858 1.173123984480867 0 0 0 1
1671108805.2507849 19.133995495549371 -1.3070191952343999 1.1356580998627805 0 0 0 1
1671108805.347065 19.183290088866801 -1.2333960565492372 1.0280821256309309 0 0 0 1
1671108805.4457834 19.225394157975519 -1.1972410757783585 0.98504270369494407 0 0 0 1
1671108805.5447435 19.268430565218729 -1.1683593770149376 1.0779499973970132 0 0 0 1
1671108805.6530006 19.340569247524897 -1.1005883778640557 1.1231945753163473 0 0 0 1
1671108805.7487912 19.383747734594955 -1.0500203266804551 1.200481788806087 0 0 0 1
1671108805.8496833 19.404980945141219 -0.99847070714795039 1.1782098880985359 0 0 0 1
1671108805.9511287 19.430647028273704 -0.94916704401770213 1.0718357025216392 0 0 0 1
1671108806.0510092 19.527398125185176 -0.87891589804374104 1.04668656563274 0 0 0 1
1671108806.1451397 19.708557088429895 -0.85782013776042187 0.90026968967538323 0 0 0 1
1671108806.2541056 19.706777593383283 -0.81315559556551165 0.99563145343029191 0 0 0 1
1671108806.3478675 19.658650166402154 -0.73002466554447565 1.0804124703935258 0 0 0 1
1671108806.4487979 19.784774249527757 -0.66458927795560296 0.95746728271421944 0 0 0 1
1671108806.5515394 19.866068084451545 -0.63705324262277008 0.93385355664918279 0 0 0 1
1671108806.6500418 19.854585208076504 -0.58843622347041225 1.0399703671558882 0 0 0 1
1671108806.7520819 19.890160168247029 -0.53198028853246349 1.0604184774058467 0 0 0 1
1671108806.8475869 20.016792377887604 -0.4797750628624019 0.92857376452036533 0 0 0 1
1671108806.947331 20.044002744727926 -0.4393045748029355 0.96913366570561266 0 0 0 1
1671108807.0457377 20.069808945394009 -0.38733261905794836 1.0281691674709919 0 0 0 1
1671108807.1461215 20.067726291050015 -0.29820421400283093 1.0656019950005202 0 0 0 1
1671108807.2602932 20.085529640510448 -0.22957422487040649 1.1739034552127805 0 0 0 1
1671108807.3483546 20.169007527568958 -0.19489623717631221 1.1634068217672393 0 0 0 1
1671108807.4491649 20.190466351280499 -0.16313095490058319 1.224313519282191 0 0 0 1
1671108807.544075 20.221776076692244 -0.097066029865795211 1.2933185270966305 0 0 0 1
1671108807.646131 20.340687687785735 -0.046727478408981823 1.1380009530153075 0 0 0 1
1671108807.7471139 20.373658344337301 0.013500181959612839 1.0574866831441341 0 0 0 1
1671108807.8454871 20.429031031975164 0.047108985553923989 1.1122494281097488 0 0 0 1
1671108807.9500928 20.550628464014626 0.11247893965022787 0.94565984590997232 0 0 0 1
1671108808.0480278 20.580103833905952 0.17382598559180903 0.97830125567190862 0 0 0 1
1671108808.1451476 20.564396387428832 0.22363379845187675 1.0396739446947549 0 0 0 1
1671108808.2466941 20.619156223394175 0.25271859992331136 1.0949909802264983 0 0 0 1
1671108808.3445039 20.700069915349346 0.33752447036306416 1.0135637822734225 0 0 0 1
1671108808.4473879 20.734918453360699 0.38778308321268373 0.94229895568457778 0 0 0 1
1671108808.5456316 20.863444145640354 0.40567201796732827 0.85599855889995524 0 0 0 1
1671108808.6516683 20.903516171613429 0.48419015207846788 0.65638822532037011 0 0 0 1
1671108808.7500393 20.881052773044679 0.54506638428642118 0.82499240247409489 0 0 0 1
1671108808.8513911 20.892673999783433 0.58278873550627464 0.9190142722437713 0 0 0 1
1671108808.951026 20.965027945816939 0.62957748949125902 0.82316910375368479 0 0 0 1
1671108809.0474427 21.00986600290312 0.68017167774005671 0.82333525506930982 0 0 0 1
1671108809.1488907 21.118746064401542 0.74609791036925244 0.62114786581730641 0 0 0 1
1671108809.2511363 21.112143984855607 0.78131729663365079 0.61749851920967558 0 0 0 1
1671108809.3488133 21.145420813662057 0.83075350659344827 0.68958226285690216 0 0 0 1
1671108809.454752 21.165438961011333 0.87793206840707261 0.82171906459586808 0 0 0 1
1671108809.5471683 21.257968788328451 0.91470651090904276 0.71225942667081199 0 0 0 1
1671108809.6466672 21.263251888452338 0.98033755747079299 0.65107012788780594 0 0 0 1
1671108809.7512987 21.250010453688475 1.0481938327903653 0.7181406120024576 0 0 0 1
1671108809.8535416 21.324731900996287 1.0857792660994892 0.85488602733437347 0 0 0 1
1671108809.9536233 21.432081015113205 1.1278451781436671 0.68394608273672475 0 0 0 1
1671108810.0531197 21.432595050627175 1.1842740893052506 0.72382182122896666 0 0 0 1
1671108810.1506915 21.435427876092469 1.258288950948935 0.75136892191574134 0 0 0 1
1671108810.2541258 21.370519700904907 1.3629006758033646 0.88707134826734091 0 0 0 1
1671108810.3529775 21.472616999413731 1.3801489278203576 0.86130421233360721 0 0 0 1
1671108810.4517648 21.630901120015867 1.4114802535967563 0.80860047100418342 0 0 0 1
1671108810.5560648 21.612920399469097 1.4750112424664557 0.88397956874598549 0 0 0 1
1671108810.6540229 21.671110482027157 1.5269291995927272 0.88662638395373961 0 0 0 1
1671108810.7511854 21.729381776982603 1.5553143055129961 0.87281702788538951 0 0 0 1
1671108810.8538384 21.767786643667716 1.6344339319804593 0.9062795049808301 0 0 0 1
1671108810.9519062 21.890779484239328 1.6970130484770458 0.8155617455237234 0 0 0 1
1671108811.0514927 21.940774078274718 1.7326977547269242 0.78181573295955786 0 0 0 1
1671108811.1537068 21.958089332568765 1.7893316963285877 0.81918241979053619 0 0 0 1
1671108811.2636278 21.998939851779703 1.8652188416324491 0.85309488397592759 0 0 0 1
1671108811.3593023 22.05933856964624 1.9341033957008267 0.88212798028064299 0 0 0 1
1671108811.4588306 22.091814589263954 1.9763128627169819 0.90002409610951872 0 0 0 1
1671108811.5577435 22.12734248757539 2.0249123508897213 0.88114713609638784 0 0 0 1
1671108811.6595426 22.188791782014285 2.0819129565418328 0.82293682699673809 0 0 0 1
1671108811.7617426 22.216258335559861 2.140127064904473 0.86718151697039048 0 0 0 1
1671108811.8557935 22.260986998747313 2.1938770351414836 0.86361598206815415 0 0 0 1
1671108811.960897 22.303775985617065 2.2490830981341001 0.88681312416997571 0 0 0 1
1671108812.0548182 22.333163884943893 2.303291811088688 0.91486368721893996 0 0 0 1
1671108812.1549096 22.354037288799763 2.3650222644237897 0.90814366867380159 0 0 0 1
1671108812.2560081 22.376965617362909 2.4198691108549366 0.92486934997441494 0 0 0 1
1671108812.3550858 22.458707922401011 2.4833108692853219 0.88014506961792449 0 0 0 1
1671108812.4551544 22.51212464526526 2.5552724104500153 0.89054878120214198 0 0 0 1
1671108812.5549831 22.545189559040459 2.6055598473114956 0.90250868443945365 0 0 0 1
1671108812.6614912 22.554975761941531 2.6537072845267504 0.88712012360053905 0 0 0 1
1671108812.7678072 22.59841254652504 2.7058756303053952 0.8689947723860314 0 0 0 1
1671108812.8636875 22.629102317615875 2.755960059645576 0.87538747947667161 0 0 0 1
1671108812.9605498 22.665205734259807 2.8050090079543124 0.87174630933486696 0 0 0 1
1671108813.0691507 22.7005189510541 2.8604799656523872 0.86334991710191389 0 0 0 1
1671108813.1561813 22.757908195984392 2.9438261019754761 0.84477743173249564 0 0 0 1
1671108813.2604117 22.805162525705814 2.9842496576220845 0.8321896225945693 0 0 0 1
1671108813.3568654 22.83042929954167 3.0264864358516692 0.84848659021781714 0 0 0 1
1671108813.4549787 22.873273081317457 3.0588706508348626 0.81929417704975549 0 0 0 1
1671108813.5536809 22.917562690080299 3.1059453077694488 0.79693682174502101 0 0 0 1
1671108813.6597574 22.935076477260818 3.1773298983941216 0.80803490689595492 0 0 0 1
1671108813.7631931 22.966209106496873 3.2295329686883969 0.79007040520571081 0 0 0 1
1671108813.8555026 23.032747741980788 3.2882789478334216 0.79828673771430658 0 0 0 1
1671108813.9626796 23.090932852447985 3.3187287719703087 0.80363256610462486 0 0 0 1
1671108814.0610416 23.110638453249209 3.3678394969929895 0.83429573683815761 0 0 0 1
1671108814.1594589 23.130836291045924 3.4139072748950348 0.84777184195581867 0 0 0 1
1671108814.2591529 23.171251319401026 3.4436829702300615 0.84718302754095021 0 0 0 1
1671108814.363095 23.220600036147331 3.4727204274385159 0.85287322272449728 0 0 0 1
1671108814.458786 23.248623282965777 3.5040810488702419 0.84431145526093587 0 0 0 1
1671108814.5560215 23.279357011321309 3.5404183663618825 0.82272573393424864 0 0 0 1
1671108814.6668847 23.334955191258562 3.6142039858191719 0.82235759355660321 0 0 0 1
1671108814.7659824 23.386906107135417 3.6547448483660823 0.8300873620821676 0 0 0 1
1671108814.8593426 23.428918643637815 3.679407913907466 0.812724814026069 0 0 0 1
1671108814.9570298 23.470464084829469 3.7298078779555244 0.81422092394382162 0 0 0 1
1671108815.05797 23.510012677768255 3.7807458418719175 0.80547491609434019 0 0 0 1
1671108815.1599998 23.562422665988766 3.8297768887772441 0.80960333537279894 0 0 0 1
1671108815.261591 23.606279217013007 3.8646785715513992 0.78942775926930153 0 0 0 1
1671108815.361511 23.659018231410982 3.9195739590508785 0.78267836606039509 0 0 0 1
1671108815.4603128 23.712422520888179 3.9894539426647717 0.81226565643794402 0 0 0 1
1671108815.5533204 23.767572573559452 4.0262757755483554 0.81143483432583707 0 0 0 1
1671108815.6558642 23.802214314775448 4.0592486535956853 0.81789632023037484 0 0 0 1
1671108815.7600784 23.847853777480079 4.1241477975781375 0.82744533610480175 0 0 0 1
1671108815.8530576 23.926368227830661 4.1771696777989291 0.80581191386988849 0 0 0 1
1671108815.9543555 23.989996545435353 4.2192179323053782 0.77640021938941572 0 0 0 1
1671108816.05217 24.021269052843149 4.2617010848552361 0.80602622818992131 0 0 0 1
1671108816.1531382 24.076921556072477 4.3204584876125871 0.79424815307356766 0 0 0 1
1671108816.2539999 24.157902327015812 4.3802504864330709 0.76810096170333964 0 0 0 1
1671108816.3681154 24.188510128915006 4.4452793762084175 0.81087973964179128 0 0 0 1
1671108816.4636157 24.205639020648579 4.5030049059129995 0.85210626042999138 0 0 0 1
1671108816.5620484 24.25855584535795 4.5482759034458988 0.84880688349767297 0 0 0 1
1671108816.6620522 24.324851187288022 4.5980695263800255 0.84849850780972247 0 0 0 1
1671108816.7668962 24.365476613925971 4.6433644505012932 0.85893003194360062 0 0 0 1
1671108816.8571801 24.421263158215602 4.6962140244019075 0.85640995426410882 0 0 0 1
1671108816.9605908 24.478582661948291 4.7749333995834311 0.8567625417471163 0 0 0 1
1671108817.0608678 24.547807998408242 4.8309634289411711 0.88098459363834536 0 0 0 1
1671108817.1609223 24.585824701527581 4.8817958680615252 0.87482402823525263 0 0 0 1
1671108817.2660167 24.633910090878711 4.9478711397581092 0.89246674854405228 0 0 0 1
1671108817.367831 24.710452103936028 5.007478908848805 0.8800733270929868 0 0 0 1
1671108817.4644616 24.758526571908671 5.0636743424173973 0.89151486580510664 0 0 0 1
1671108817.5649068 24.806448692773731 5.1286482582453701 0.8647668311069765 0 0 0 1
1671108817.6673975 24.873851568338644 5.2116260211791241 0.87504244932313213 0 0 0 1
1671108817.763382 24.955252731381428 5.2703442096914364 0.89029179367901179 0 0 0 1
1671108817.8580956 25.00948250564797 5.3043429542417222 0.8967031917999293 0 0 0 1
1671108817.96188 25.081542541389471 5.3388898966431713 0.88052116365497568 0 0 0 1
1671108818.0581279 25.120969910581945 5.4194460419920381 0.89698566527636103 0 0 0 1
1671108818.1605258 25.191618244595546 5.4857181445306127 0.90191571928505709 0 0 0 1
1671108818.2607396 25.255509627991483 5.5201060095542074 0.89102232387097047 0 0 0 1
1671108818.3671062 25.317767146306888 5.5785637867893776 0.88117479797131182 0 0 0 1
1671108818.4645331 25.384592299514281 5.655861479346636 0.87972591112486498 0 0 0 1
1671108818.5620384 25.451160850490556 5.6909493106002369 0.88891792402739611 0 0 0 1
1671108818.6693473 25.499258201614779 5.7658387846444246 0.88436741429472931 0 0 0 1
1671108818.7694671 25.52537276829112 5.8568063298820086 0.8757683322420462 0 0 0 1
1671108818.8576839 25.587440583249698 5.9241204558628251 0.90047324589829714 0 0 0 1
1671108818.9574001 25.664111227631341 5.9684532384392144 0.89577563347859268 0 0 0 1
1671108819.0611796 25.736861980326609 6.0174703551040452 0.86049657327691875 0 0 0 1
1671108819.1644254 25.788869561765861 6.1412089517191824 0.86895265896555429 0 0 0 1
1671108819.2606912 25.839534819287174 6.192557826761008 0.89150286560402492 0 0 0 1
1671108819.357367 25.89000590773357 6.220707915208564 0.92038669492796998 0 0 0 1
1671108819.4529314 25.968869592564182 6.2701303886529391 0.89282856082775197 0 0 0 1
1671108819.5550823 26.053522530680784 6.3346183639695681 0.87727733664439711 0 0 0 1
1671108819.6559725 26.101369262830353 6.392918454357309 0.87783596890346871 0 0 0 1
1671108819.7596195 26.146249788871863 6.4577016890753729 0.86430829014113897 0 0 0 1
1671108819.8543992 26.230149042856663 6.5532284297795496 0.84665098964035224 0 0 0 1
1671108819.9557288 26.280868583381423 6.6098055270819325 0.83997762723447522 0 0 0 1
1671108820.0592337 26.322549174755654 6.6559569006379284 0.84899775607232186 0 0 0 1
1671108820.1556828 26.375590856297748 6.7185306329181218 0.86913073876507951 0 0 0 1
1671108820.2534351 26.455463082440637 6.7823608099873791 0.88852860629503994 0 0 0 1
1671108820.3588588 26.506974507827717 6.8394745186386583 0.8939065941848412 0 0 0 1
1671108820.4589868 26.562424511715498 6.8750728904044598 0.87274912643169955 0 0 0 1
1671108820.5558376 26.634777547699962 6.941418179862727 0.86164626825973301 0 0 0 1
1671108820.6577439 26.69894583800631 7.028687729555827 0.88669779906820168 0 0 0 1
1671108820.7654352 26.752482267868466 7.0794554859520638 0.90070846962896667 0 0 0 1
1671108820.8541911 26.79104674072423 7.1098842576030954 0.90207847293913801 0 0 0 1
1671108820.9560416 26.841366336023995 7.1679950371674188 0.9039161357222838 0 0 0 1
1671108821.0554652 26.889909094536719 7.237838104155867 0.90721432755151454 0 0 0 1
1671108821.1630375 26.886482985033268 7.2957766026043833 0.94294487208208011 0 0 0 1
1671108821.2691734 26.995774483495769 7.3262302633021266 0.88381179630221141 0 0 0 1
1671108821.3597538 27.065741972849779 7.4023480772524417 0.88194543281053939 0 0 0 1
1671108821.4586997 27.139725740881353 7.4560281028169468 0.86982803265880193 0 0 0 1
1671108821.5581908 27.174205087321557 7.5013912609311761 0.86224157380979705 0 0 0 1
1671108821.6639996 27.210515760525208 7.5410298605436266 0.87813066473063373 0 0 0 1
1671108821.7700861 27.292300997442887 7.5981416289947203 0.87430673953542737 0 0 0 1
1671108821.857075 27.340987418098631 7.6589989870178554 0.87215604631535371 0 0 0 1
1671108821.9550095 27.478853251793108 7.6985731869190817 0.77622376438364427 0 0 0 1
1671108822.0578108 27.594443048795313 7.762879854603991 0.66662555370317023 0 0 0 1
1671108822.1537519 27.577258272782764 7.835910795044069 0.763183830469643 0 0 0 1
1671108822.2583876 27.520447903570759 7.884016361902753 0.87375644403152819 0 0 0 1
1671108822.3561666 27.474661779985116 7.9361805300571593 0.98597107785042226 0 0 0 1
1671108822.4579389 27.623252110322564 7.9771034693945753 0.88231637797593976 0 0 0 1
1671108822.554821 27.791340412824177 8.0291774742798658 0.74560126500125534 0 0 0 1
1671108822.6541471 27.839834918198335 8.0808816146960503 0.73878325173859594 0 0 0 1
1671108822.7660878 27.8922107779998 8.1514701266519474 0.74251025579815177 0 0 0 1
1671108822.8520744 27.98723828310299 8.2125122667559456 0.70331910447055179 0 0 0 1
1671108822.9514318 28.028824676501568 8.2496820770632056 0.72015876166949511 0 0 0 1
1671108823.0575588 28.030708664453631 8.2859776664420846 0.80794668871192243 0 0 0 1
1671108823.1523826 28.034100772723708 8.3464793193550531 0.8604853923485507 0 0 0 1
1671108823.2536669 28.084210423975172 8.4270182597723142 0.85801441343892293 0 0 0 1
1671108823.3585212 28.27242864791382 8.4665202625616143 0.68844272109879512 0 0 0 1
1671108823.4565701 28.155548623351507 8.5336924447731786 0.89486367433846681 0 0 0 1
1671108823.5539441 28.1115301001871 8.6313059626117532 1.0189295348977794 0 0 0 1
1671108823.6555169 28.303599508689345 8.6607606104534103 0.90219484605563594 0 0 0 1
1671108823.7678213 28.408152980586102 8.6884407321950317 0.84984114276380751 0 0 0 1
1671108823.8556001 28.428542520371657 8.7647318024557475 0.90414188956106045 0 0 0 1
1671108823.9566505 28.508575303812844 8.8149791970818381 0.87196022947614438 0 0 0 1
1671108824.0597219 28.556498631756845 8.8769773003085515 0.87926782042234208 0 0 0 1
1671108824.1574476 28.602576317834355 8.9398685402088613 0.87606038425826682 0 0 0 1
1671108824.254761 28.692702289313846 9.0277351307376286 0.85369740447276854 0 0 0 1
1671108824.3544464 28.799653041311917 9.0824203561605916 0.84530032884413231 0 0 0 1
1671108824.4642699 28.809978152820843 9.1295425299008368 0.87760143657010303 0 0 0 1
1671108824.5560358 28.810897111970455 9.2061061108766928 0.89807482550554596 0 0 0 1
1671108824.6558819 28.913356473332925 9.2496475776057405 0.87184468904729329 0 0 0 1
1671108824.7653663 28.992249124898169 9.2974456484756836 0.90174561843309675 0 0 0 1
1671108824.8596485 29.031668615688645 9.364208408496534 0.91591725005537228 0 0 0 1
1671108824.9576669 29.11643947704383 9.4225353757245287 0.85805504994232251 0 0 0 1
1671108825.0596335 29.181974336333369 9.4990385699806037 0.8603805216953333 0 0 0 1
1671108825.1550605 29.230383553048807 9.541781249107423 0.89340505738005049 0 0 0 1
1671108825.2561333 29.24952970673084 9.5972884362096771 0.91887663623197113 0 0 0 1
1671108825.3537927 29.308884211258558 9.6759407790299612 0.90801167809206618 0 0 0 1
1671108825.4637661 29.374163788362075 9.7352351291050905 0.89758075750285116 0 0 0 1
1671108825.5598454 29.426399390014726 9.7965436358229105 0.89707028416353296 0 0 0 1
1671108825.657347 29.443982495757226 9.8326478740310357 0.92886605002445322 0 0 0 1
1671108825.7644465 29.499809819249663 9.9106972505756463 0.93176641008096794 0 0 0 1
1671108825.8570895 29.566736217782978 9.972878859710919 0.92186353665169918 0 0 0 1
1671108825.9601357 29.628538249442748 10.021686923157425 0.91994007871085159 0 0 0 1
1671108826.0631618 29.671394425106929 10.075414785006378 0.93207483333571872 0 0 0 1
1671108826.1578686 29.717803613137683 10.128105771137422 0.93158010037188888 0 0 0 1
1671108826.2601712 29.787062574013827 10.192052885353519 0.93485538660115708 0 0 0 1
1671108826.3577218 29.831272472908172 10.23425083397283 0.907060365475445 0 0 0 1
1671108826.4692528 29.873997105407078 10.267895649650667 0.88837275481682809 0 0 0 1
1671108826.5602477 29.915816984053151 10.351629481595795 0.91243817241445413 0 0 0 1
1671108826.660284 29.972752848396166 10.416694079661575 0.90883937955868532 0 0 0 1
1671108826.7722309 30.010324445106768 10.458974040617798 0.90747651790570671 0 0 0 1
1671108826.8564286 30.054410089127913 10.51143715954124 0.91634833611601607 0 0 0 1
1671108826.9558895 30.075114930097815 10.578548404961063 0.94736285466103709 0 0 0 1
1671108827.0604413 30.149347831954561 10.628343109403959 0.91310370957398845 0 0 0 1
1671108827.1577091 30.193904694156195 10.669755386748095 0.91857793265933196 0 0 0 1
1671108827.2577391 30.23563450322618 10.723257512231195 0.9129608978809074 0 0 0 1
1671108827.3530645 30.307090692198841 10.815946157411044 0.91645278608166336 0 0 0 1
1671108827.4461086 30.363013245371835 10.871203892980834 0.92645268281057724 0 0 0 1
1671108827.5571783 30.385864188957399 10.903656094337464 0.93922912558502958 0 0 0 1
1671108827.6582372 30.448595203735795 10.959533808730116 0.9313916560593043 0 0 0 1
1671108827.7657156 30.507024934121713 11.009153363585453 0.91524529061234716 0 0 0 1
1671108827.8551488 30.543613441664228 11.074422122138371 0.92273577789717365 0 0 0 1
1671108827.9575093 30.568492462720332 11.125475189851857 0.94979956787460651 0 0 0 1
1671108828.0596416 30.636552810799891 11.184842127304442 0.94000420298357312 0 0 0 1
1671108828.1558313 30.701826063378551 11.260369188909271 0.95286625537846703 0 0 0 1
1671108828.2615614 30.75875394109325 11.295944544527519 0.93749333234279675 0 0 0 1
1671108828.3548615 30.798968512977314 11.339769587762428 0.93457263686309489 0 0 0 1
1671108828.4479375 30.834481657750626 11.400348358538263 0.94364747463464482 0 0 0 1
1671108828.5545819 30.905036703047642 11.455942635451283 0.92707326187860417 0 0 0 1
1671108828.662432 30.944559022270184 11.517928423528133 0.92072540225512967 0 0 0 1
1671108828.7664776 30.988338907982364 11.56058886616003 0.93513250129785774 0 0 0 1
1671108828.857765 31.062111374001834 11.613904909258119 0.94325565524013655 0 0 0 1
1671108828.9547703 31.114199317037411 11.695778787037975 0.95261599115747231 0 0 0 1
1671108829.0591617 31.16656102921014 11.737685893053467 0.94331109139102409 0 0 0 1
1671108829.1543512 31.211604438230829 11.792866468529663 0.94435891027956131 0 0 0 1
1671108829.2571697 31.254899606701716 11.855668093221828 0.95938848683647393 0 0 0 1
1671108829.3540254 31.311042131051913 11.901162235092501 0.97727061360353673 0 0 0 1
1671108829.4578547 31.369376739983593 11.963023663737903 0.94964605523239243 0 0 0 1
1671108829.5537655 31.409837589150005 12.027406056476135 0.96786233080717921 0 0 0 1
1671108829.6570594 31.51924713724679 12.108413893888354 0.93371314376452119 0 0 0 1
1671108829.7718058 31.526160063318606 12.179974188194514 0.97394691228782904 0 0 0 1
1671108829.8574169 31.575637508555932 12.222401258341005 0.96742124181150757 0 0 0 1
1671108829.9560604 31.624610882210348 12.291057422747379 0.98527560212937715 0 0 0 1
1671108830.0579569 31.685767560333222 12.334509604338267 0.95553892103623639 0 0 0 1
1671108830.1558509 31.740057844171396 12.405062418326796 0.94843550923917519 0 0 0 1
1671108830.2553639 31.779250476008972 12.466993105764097 0.94688583165554974 0 0 0 1
1671108830.3647971 31.838896958554425 12.532978627918608 0.93357838482256739 0 0 0 1
1671108830.4567895 31.927016257675234 12.626147258943453 0.93580140325059347 0 0 0 1
1671108830.553299 31.962891068735679 12.678751238920785 0.93511342021565724 0 0 0 1
1671108830.6542466 31.977010098866231 12.736079169697117 0.95225767201998224 0 0 0 1
1671108830.7557936 32.061966879606963 12.795976734337772 0.90338484988876644 0 0 0 1
1671108830.8583694 32.11249752649735 12.8497837995771 0.90590927931691567 0 0 0 1
1671108830.9590681 32.146739702465425 12.906190272950967 0.91869944922427749 0 0 0 1
1671108831.0620058 32.206062522750948 12.945230339307322 0.89791147994515086 0 0 0 1
1671108831.1558981 32.302575576269987 12.986360074597272 0.8051390294998555 0 0 0 1
1671108831.2576158 32.342876478787325 13.093836745137187 0.85475821529712448 0 0 0 1
1671108831.3512573 32.357603930421099 13.142108546073995 0.91211203120644768 0 0 0 1
1671108831.4527404 32.488813866860362 13.184266798749865 0.84372259029873931 0 0 0 1
1671108831.5479763 32.574213926012021 13.210347370363802 0.76778900118142701 0 0 0 1
1671108831.6505487 32.529265949694981 13.290476996379251 0.90513602191606424 0 0 0 1
1671108831.750545 32.668245039589628 13.346154360300595 0.80328432657620397 0 0 0 1
1671108831.8486974 32.76845637126371 13.368158441549454 0.76117713507505869 0 0 0 1
1671108831.9531298 32.807605064005969 13.438477114721504 0.80954692460818478 0 0 0 1
1671108832.0581703 32.898210226074752 13.527638122701045 0.80135260142685638 0 0 0 1
1671108832.1513953 32.956768737879891 13.569229554178037 0.82294166009069158 0 0 0 1
1671108832.2503734 33.030895337792728 13.61903430645007 0.82033959250020416 0 0 0 1
1671108832.3519409 33.115913662969895 13.668373844112338 0.81716281142666958 0 0 0 1
1671108832.4529271 33.209587590987944 13.715386740420875 0.85360140663146922 0 0 0 1
1671108832.550601 33.28557726589424 13.761722270238604 0.80516007482606256 0 0 0 1
1671108832.6524827 33.338039461858791 13.827736704620268 0.83939767786876018 0 0 0 1
1671108832.7518599 33.411930999737777 13.934753330931869 0.84406787781654202 0 0 0 1
1671108832.8486707 33.492590573137342 14.003685493775039 0.87904678297184091 0 0 0 1
1671108832.9508471 33.533643286760196 14.031781579581907 0.89509758341444012 0 0 0 1
1671108833.0609195 33.594179896806033 14.081075800726344 0.93621889780638412 0 0 0 1
1671108833.1541622 33.708671902911981 14.161236188674721 0.97902750393336646 0 0 0 1
1671108833.2668228 33.772538455082611 14.210623267006358 0.9192626831348889 0 0 0 1
1671108833.3460848 33.844180975016819 14.236334182087237 0.85181783342784456 0 0 0 1
1671108833.4526889 33.903657176484749 14.331884655386578 0.90872738170196499 0 0 0 1
1671108833.5524907 33.988671837766553 14.400284172815201 0.927906854401499 0 0 0 1
1671108833.6545086 34.03989343860264 14.447697144917552 0.91267137659474429 0 0 0 1
1671108833.7523339 34.090793897983055 14.496053876267366 0.91682770244165113 0 0 0 1
1671108833.8547268 34.161017860802559 14.536212239582451 0.88800198971193822 0 0 0 1
1671108833.9546852 34.206645597146085 14.587923220303628 0.8978303228675486 0 0 0 1
1671108834.0576584 34.254800910178609 14.646078039275018 0.88427918741763278 0 0 0 1
1671108834.1529388 34.284398268510238 14.706389587024733 0.90960559599068347 0 0 0 1
1671108834.2578948 34.345893131759006 14.765005606273789 0.93856105387419575 0 0 0 1
1671108834.3590338 34.427566277809703 14.805325589792663 0.94814988445989457 0 0 0 1
1671108834.4559488 34.484723053397943 14.844751471632348 0.91212913575748189 0 0 0 1
1671108834.5569789 34.513264599215319 14.915809100719237 0.89823373998763145 0 0 0 1
1671108834.6547358 34.549343139605469 14.965228096362823 0.93334434609369055 0 0 0 1
1671108834.757709 34.618890540209712 15.009328154661924 0.91991373918119734 0 0 0 1
1671108834.8549042 34.696128271540665 15.051500230593787 0.885550188242064 0 0 0 1
1671108834.9524796 34.782167295716533 15.088390095567243 0.83610601342832069 0 0 0 1
1671108835.0609446 34.824120035203059 15.157624234642245 0.85901947759089126 0 0 0 1
1671108835.1585076 34.942277920296178 15.22008462488396 0.78777985264832751 0 0 0 1
1671108835.2618761 35.040028159419656 15.244503708106985 0.71328950236897981 0 0 0 1
1671108835.3581305 35.057899578494556 15.311733202105255 0.75713776479801709 0 0 0 1
1671108835.4567506 35.096251871678071 15.354120515978698 0.77292955923746831 0 0 0 1
1671108835.5556207 35.14625010590963 15.415720139867084 0.81702398130198617 0 0 0 1
1671108835.6609218 35.250346065659656 15.472773561945731 0.81633700131828846 0 0 0 1
1671108835.7594976 35.293433615763128 15.505293322139979 0.81153965703458653 0 0 0 1
1671108835.8554626 35.335084576035328 15.549480717467171 0.8109422328097935 0 0 0 1
1671108835.9566956 35.407764639565237 15.633380058462603 0.82633219870228913 0 0 0 1
1671108836.0646527 35.470536602600689 15.711638084419363 0.83855736810903636 0 0 0 1
1671108836.157851 35.529188787839324 15.74564658882546 0.82013466155137849 0 0 0 1
1671108836.263032 35.560172597197813 15.800407921523327 0.85487286385716743 0 0 0 1
1671108836.3638456 35.609479693419928 15.852476901488556 0.85262313767123032 0 0 0 1
1671108836.4569051 35.702138454621078 15.910108079306388 0.82283736798115115 0 0 0 1
1671108836.5589805 35.762451835640533 15.945696203753149 0.8048985600994456 0 0 0 1
1671108836.6592238 35.823117103079809 15.988128878386135 0.79251861312502569 0 0 0 1
1671108836.7603981 35.893580573111961 16.057114338013584 0.78709736743849135 0 0 0 1
1671108836.8546617 35.984902014874933 16.16592480394365 0.82842694442047105 0 0 0 1
1671108836.9629574 36.045935948553229 16.193304047988565 0.85407969695654629 0 0 0 1
1671108837.0685952 36.104425664758601 16.214543133991352 0.81763292995424308 0 0 0 1
1671108837.1574652 36.183121206178974 16.267660470130714 0.80957981534368173 0 0 0 1
1671108837.2603159 36.296996944768601 16.327487499002775 0.81696638726134552 0 0 0 1
1671108837.3798854 36.34716289424496 16.396841774570749 0.86091099457564724 0 0 0 1
1671108837.4653668 36.404756351968508 16.445131876024838 0.85925116591135975 0 0 0 1
1671108837.5613251 36.500962894334187 16.542999592263481 0.85148304090182592 0 0 0 1
1671108837.6652434 36.566326289166462 16.567376810090373 0.85687878244903004 0 0 0 1
1671108837.7593763 36.610275709431555 16.608031324099617 0.87404013899470101 0 0 0 1
1671108837.8555982 36.658264141430898 16.65890380545536 0.88106337185445227 0 0 0 1
1671108837.9550173 36.740595775111707 16.704111408770498 0.89239989269844955 0 0 0 1
1671108838.0567145 36.789203651109318 16.755721205209817 0.82432659602318381 0 0 0 1
1671108838.1541483 36.855548101718853 16.799521579802182 0.82248138983914032 0 0 0 1
1671108838.2534466 36.921270606485223 16.842141505873908 0.85227635320825357 0 0 0 1
1671108838.346879 36.997783110096364 16.901097277207917 0.89223403723053707 0 0 0 1
1671108838.4619441 37.041088205369576 16.925155077781508 0.8947744262567312 0 0 0 1
1671108838.5625398 37.101878664590174 16.980760807935393 0.86012765352006681 0 0 0 1
1671108838.6583779 37.121664571689607 17.029561744444237 0.87962681312853874 0 0 0 1
1671108838.7610335 37.190209994078309 17.069743303152844 0.88241560558753918 0 0 0 1
1671108838.8559852 37.222333558495556 17.111730540159947 0.88143094785266385 0 0 0 1
1671108838.954601 37.271040948987967 17.142200990319399 0.87812808391129238 0 0 0 1
1671108839.0556109 37.351627449083274 17.201013957718015 0.85189332956917951 0 0 0 1
1671108839.1529851 37.437015039299091 17.265109043569641 0.83857423390668373 0 0 0 1
1671108839.2569091 37.479523166232902 17.290753477970025 0.85402001094996649 0 0 0 1
1671108839.352854 37.535390227743569 17.347033845437334 0.84010721677179845 0 0 0 1
1671108839.4549708 37.586139330642695 17.391453214005232 0.85418049723386957 0 0 0 1
1671108839.5579343 37.640350730134294 17.43066915980333 0.87995325987026263 0 0 0 1
1671108839.6574643 37.669078657471502 17.492848935856987 0.89451485200311254 0 0 0 1
1671108839.7581077 37.732083642830197 17.534247997397252 0.84175794661393866 0 0 0 1
1671108839.8576441 37.805783684903325 17.610392035153332 0.84404108121759691 0 0 0 1
1671108839.955622 37.842064775983275 17.637253948253527 0.85007204916905721 0 0 0 1
1671108840.0591078 37.869234324122132 17.677822386123484 0.86526511531906181 0 0 0 1
1671108840.155407 37.901144061773159 17.747160169185488 0.9052138630954687 0 0 0 1
1671108840.2554226 37.948998456662061 17.809218358824602 0.93366057268121949 0 0 0 1
1671108840.3553534 37.999871850773161 17.84372477152743 0.90147385688726445 0 0 0 1
1671108840.4547703 38.051192623255709 17.870042743901717 0.85975456999494781 0 0 0 1
1671108840.553335 38.094217500051151 17.944821730972595 0.90055633387169109 0 0 0 1
1671108840.6637115 38.206924559505936 18.010869297838575 0.88127450604815749 0 0 0 1
1671108840.7660384 38.275570426187805 18.053954483029912 0.87177243756696043 0 0 0 1
1671108840.8593979 38.32995296466774 18.092811865971356 0.88938547515726896 0 0 0 1
1671108840.9554906 38.370840332965173 18.151421799705847 0.97134325764955065 0 0 0 1
1671108841.0573144 38.472439457040487 18.20820855741054 0.92665649611672052 0 0 0 1
1671108841.1561861 38.527781919516521 18.272939691613413 0.93590272387734785 0 0 0 1
1671108841.2552371 38.595064520092848 18.331314236378873 0.92650543197646584 0 0 0 1
1671108841.3558302 38.691240187938789 18.408914206950069 0.92573014078436699 0 0 0 1
1671108841.464865 38.758731089419314 18.48255562161847 0.95454107397301868 0 0 0 1
1671108841.5574033 38.81050831469463 18.541806385697051 0.93409402892893922 0 0 0 1
1671108841.6629922 38.861350795577302 18.603195541704846 0.91595113602534184 0 0 0 1
1671108841.7669361 38.911508751315587 18.65516623495224 0.91387222996922901 0 0 0 1
1671108841.8633854 38.983582949695318 18.701066036323024 0.91475610461600354 0 0 0 1
1671108841.9595892 39.032281099082084 18.758204524355193 0.91113288940971415 0 0 0 1
1671108842.0639775 39.081888840907091 18.81234221166477 0.92531329810242369 0 0 0 1
1671108842.1594307 39.149884976020992 18.89830467871144 0.91953000573073496 0 0 0 1
1671108842.2605681 39.223279210806815 18.963024385548145 0.91215892650541264 0 0 0 1
1671108842.3625462 39.268687758046539 19.009427842750362 0.9109046023808105 0 0 0 1
1671108842.4654949 39.317288877403989 19.068662341296363 0.91404467601682882 0 0 0 1
1671108842.56054 39.377067418967172 19.129746868446507 0.90999365618449701 0 0 0 1
1671108842.6638443 39.465629780836238 19.190619236878245 0.90525749923051535 0 0 0 1
1671108842.7629662 39.511479840106972 19.228468177177785 0.89422805622552914 0 0 0 1
1671108842.8685105 39.57726128871824 19.288284770234295 0.8963332368381316 0 0 0 1
1671108842.9655049 39.637139257089203 19.357207675700256 0.9126661959357989 0 0 0 1
1671108843.0637779 39.744480385367773 19.444025251121506 0.8872961026233952 0 0 0 1
1671108843.1620347 39.799544567960105 19.470345249095889 0.88344580311832033 0 0 0 1
1671108843.2595007 39.84981073579732 19.52131719346275 0.87371618947088336 0 0 0 1
1671108843.3600535 39.913958645586959 19.564772324769262 0.86417909006672744 0 0 0 1
1671108843.4730802 39.993645811045091 19.59694374609845 0.86743544101364023 0 0 0 1
1671108843.5579534 40.053059245988166 19.638823987205544 0.87151778297197779 0 0 0 1
1671108843.6584313 40.093447547972424 19.666153622482135 0.88506828567881257 0 0 0 1
1671108843.7580209 40.177785597270649 19.697171405768369 0.85533361154125487 0 0 0 1
1671108843.8629766 40.249055765741204 19.767796551068688 0.86481365826102774 0 0 0 1
1671108843.9636283 40.345283583663146 19.835861071457973 0.87692164042084642 0 0 0 1
1671108844.0597568 40.40609667324393 19.862923179781287 0.87491516718591811 0 0 0 1
1671108844.1600258 40.481271016885486 19.891219349402594 0.85623231877048056 0 0 0 1
1671108844.2614534 40.551658631328031 19.92981446224465 0.86497411462175933 0 0 0 1
1671108844.3597322 40.66056608435467 19.964915330324288 0.85363421025886055 0 0 0 1
1671108844.4633057 40.712463305758057 20.002333906685607 0.85187117270595536 0 0 0 1
1671108844.5607576 40.785615905143636 20.036087287637649 0.82876651675485391 0 0 0 1
1671108844.6651239 40.85633377259191 20.112794658066559 0.84482850728170433 0 0 0 1
1671108844.7619846 40.98255136878646 20.194955928132931 0.83848051673760438 0 0 0 1
1671108844.8631928 41.063309145325434 20.208294305682351 0.82067795297314206 0 0 0 1
1671108844.9569998 41.112837392944606 20.240850599476069 0.83511282654444585 0 0 0 1
1671108845.0666866 41.18432675999864 20.292848222653774 0.84739390475203891 0 0 0 1
1671108845.1637127 41.276377617918946 20.325349200096074 0.88157331512854853 0 0 0 1
1671108845.2663438 41.337902965440726 20.353196801521122 0.87101182021342538 0 0 0 1
1671108845.3609524 41.396981473107083 20.376354738267651 0.85455036398809625 0 0 0 1
1671108845.4691706 41.49340481095799 20.422777267937995 0.84649000627882742 0 0 0 1
1671108845.5601087 41.913523744810732 20.455532113174115 0.15381856421402063 0 0 0 1
1671108845.6642547 41.998150729940178 20.475247992548052 0.15098931195757359 0 0 0 1
1671108845.7662098 42.073127930257996 20.4928567146417 0.13027098344923616 0 0 0 1
1671108845.8641324 42.159156534688321 20.506209619024403 0.14048027588773948 0 0 0 1
1671108845.9580231 42.250645524221795 20.58660812029283 0.18422058964176813 0 0 0 1
1671108846.0568991 42.31478719638362 20.629946796150904 0.16973388204496587 0 0 0 1
1671108846.1652713 42.404743618300706 20.687835559943316 0.13751089668858185 0 0 0 1
1671108846.2623014 42.518153275115111 20.762504493073401 0.18703956398201171 0 0 0 1
1671108846.3583546 42.578525393006508 20.793968249444305 0.18117400801179429 0 0 0 1
1671108846.4666874 42.607168071973618 20.846435681398436 0.1710801980340193 0 0 0 1
1671108846.5581098 42.637538156739282 20.924971467952805 0.17034283574594156 0 0 0 1
1671108846.6577997 42.712385602390988 20.9904405045815 0.21376729689654894 0 0 0 1
1671108846.7578995 42.781776162520494 21.017137784751363 0.21522170650257522 0 0 0 1
1671108846.8567886 42.853164044886753 21.07714873513595 0.18105895298322139 0 0 0 1
1671108846.9540586 42.956755682632384 21.141794514071314 0.14913830987802612 0 0 0 1
1671108847.0566528 43.044570121643666 21.156504650422058 0.13087791455723163 0 0 0 1
1671108847.1561809 43.094595747403446 21.18468651755753 0.15214589057359262 0 0 0 1
1671108847.2665176 43.150445222532348 21.210993973944923 0.15875522617420756 0 0 0 1
1671108847.3626792 43.233791217257462 21.224095316867682 0.15229111865244249 0 0 0 1
1671108847.466553 43.277024692776969 21.260561203724865 0.17935615910266733 0 0 0 1
1671108847.5597389 43.321160473232617 21.272940393064808 0.20067330713311549 0 0 0 1
1671108847.6627398 43.383631989738404 21.298175562935853 0.20046241391366948 0 0 0 1
1671108847.7664399 43.482710860175615 21.363176643041147 0.2085268793848627 0 0 0 1
1671108847.8620687 43.573400405593915 21.401198349774671 0.21802178200027811 0 0 0 1
1671108847.9626427 43.621160235169661 21.419343562423929 0.19006027613943388 0 0 0 1
1671108848.0601323 43.673952082970395 21.441267685626055 0.18192562131901013 0 0 0 1
1671108848.1622181 43.736372334960059 21.468584897159488 0.18638965793479656 0 0 0 1
1671108848.2636492 43.836952653602246 21.505923695926629 0.19902844221564919 0 0 0 1
1671108848.3668847 43.885621758837011 21.532738597381083 0.21486090132020763 0 0 0 1
1671108848.4689052 43.920306117523282 21.548677507608936 0.24390228755203225 0 0 0 1
1671108848.5665247 43.979951570733746 21.577772599434532 0.23853632186751383 0 0 0 1
1671108848.6637576 44.08743206607145 21.618844425808721 0.22567209254350473 0 0 0 1
1671108848.7663352 44.162028083816018 21.659074999776379 0.21248534373933126 0 0 0 1
1671108848.8655264 44.203191313099445 21.688990479885096 0.21720137048384913 0 0 0 1
1671108848.9601991 44.245621944459437 21.74622060108376 0.25836350598729041 0 0 0 1
1671108849.0599318 44.320403837351066 21.754056008903756 0.21845354990568921 0 0 0 1
1671108849.1578329 44.400495431131688 21.785908757983268 0.22274005513918382 0 0 0 1
1671108849.2584438 44.45890444526232 21.810569160441698 0.20122030403274493 0 0 0 1
1671108849.3527701 44.512207293500261 21.836855176222759 0.23467920102200424 0 0 0 1
1671108849.4593503 44.587104794219229 21.853043072238506 0.22497765008097304 0 0 0 1
1671108849.5603549 44.660993036330325 21.919008315198667 0.24183594073474524 0 0 0 1
1671108849.6616597 44.735185106056065 21.94356022102458 0.20590124126545106 0 0 0 1
1671108849.7555096 44.785575885834341 21.964681011391828 0.2189256203058676 0 0 0 1
1671108849.8630073 44.840701825365869 22.005880782787155 0.27663671441018778 0 0 0 1
1671108849.9546313 44.905501953558883 22.047691775827616 0.27015342003630849 0 0 0 1
1671108850.0560365 44.984100665603123 22.088366474514824 0.2307511054114002 0 0 0 1
1671108850.1569538 45.040043374150486 22.095908208261413 0.24120007984924996 0 0 0 1
1671108850.2475197 45.114004112095479 22.107120787352077 0.23239882355403552 0 0 0 1
1671108850.3558002 45.174045168048664 22.137072600095635 0.18646805872106142 0 0 0 1
1671108850.4596095 44.946154432036607 22.284803462169922 0.69516452648019822 0 0 0 1
1671108850.5560868 45.008865948698272 22.285571491593064 0.65516612883959624 0 0 0 1
1671108850.6541157 45.064024212350233 22.296662024691638 0.63308605515248928 0 0 0 1
1671108850.756273 45.112430025861435 22.304582423790514 0.59745146074078548 0 0 0 1
1671108850.8607299 45.173324385507641 22.324015880696955 0.65225433747366424 0 0 0 1
1671108850.9531538 45.245120046472429 22.36230356632602 0.62937797798485917 0 0 0 1
1671108851.0496297 45.364099597624794 22.330067083804977 0.81030445966791831 0 0 0 1
1671108851.1494875 45.42293753872454 22.340149742566549 0.77912351806253355 0 0 0 1
1671108851.2521136 45.491217506443256 22.37379199182287 0.74590632152523995 0 0 0 1
1671108851.348788 45.550006895794596 22.46567069378569 0.85484575289910936 0 0 0 1
1671108851.4508195 45.62402314041141 22.465571156770253 0.84537424662050853 0 0 0 1
1671108851.548161 45.665697040713248 22.540687074377367 0.75119789897837563 0 0 0 1
1671108851.6602094 45.720144667449063 22.567135452148257 0.75082912151640357 0 0 0 1
1671108851.7633362 45.76384545789184 22.593965013295197 0.83369436021200727 0 0 0 1
1671108851.8656461 45.840379952774903 22.656798761492503 0.81906518819926077 0 0 0 1
1671108851.9605031 45.90070681231586 22.699543084936298 0.8008311328999298 0 0 0 1
1671108852.0606561 45.953872968343681 22.742393020989226 0.78861269847959647 0 0 0 1
1671108852.1638203 46.026795466726647 22.794488421836942 0.7699483927727897 0 0 0 1
1671108852.2597687 46.119577282041845 22.892115628463515 0.7904502149012842 0 0 0 1
1671108852.3605168 46.178847922232393 22.942395725624916 0.81333912525974483 0 0 0 1
1671108852.4598677 46.21365693314835 22.983901885357387 0.80946865719977268 0 0 0 1
1671108852.5632825 46.261898659761322 23.042966688782702 0.78993575743879774 0 0 0 1
1671108852.6557004 46.323646639879776 23.082872566790446 0.74180822461005391 0 0 0 1
1671108852.7593682 46.398116362250562 23.126236801353876 0.74204707581191087 0 0 0 1
1671108852.8616295 46.451729871370695 23.164043859096857 0.79670065061986861 0 0 0 1
1671108852.952636 46.514357365700569 23.19870710692712 0.80411010919317505 0 0 0 1
1671108853.0530925 46.572440143048844 23.233011022497131 0.80700358419517215 0 0 0 1
1671108853.1574345 46.647370234899164 23.293533099931771 0.78592204821222822 0 0 0 1
1671108853.2540507 46.735534893486964 23.361370775767337 0.78931040606971692 0 0 0 1
1671108853.3523052 46.794184023109544 23.396709631949573 0.77004682350991516 0 0 0 1
1671108853.4552109 46.815432575723918 23.456699981113768 0.84802983877102633 0 0 0 1
1671108853.5551436 46.882969979762549 23.471054545347616 0.83437632179868615 0 0 0 1
1671108853.6639225 46.968254964318717 23.486925374015318 0.84531069832405592 0 0 0 1
1671108853.7556741 47.014908464968649 23.513064866339565 0.82466232807291817 0 0 0 1
1671108853.8709438 47.050872369198395 23.554565654591897 0.80836402454553991 0 0 0 1
1671108853.9646728 47.118914772248395 23.597316164501802 0.80493764374818966 0 0 0 1
1671108854.0637498 47.178036929879902 23.640867535475522 0.80035699919039871 0 0 0 1
1671108854.1637051 47.262040936671305 23.69036666291511 0.81719567600703158 0 0 0 1
1671108854.2626963 47.321150972165171 23.717947633616721 0.80250604485797794 0 0 0 1
1671108854.3599658 47.356683420721822 23.778378180847398 0.8149115165490457 0 0 0 1
1671108854.4633975 47.398522889911476 23.824988352892341 0.81735513755506872 0 0 0 1
1671108854.5579503 47.466121624303831 23.856403635630009 0.80622125744832829 0 0 0 1
1671108854.6574283 47.537131750210293 23.896689613896243 0.79072976050088073 0 0 0 1
1671108854.7587924 47.582540373287436 23.93444092989704 0.77407994975567362 0 0 0 1
1671108854.868032 47.623936291525439 23.982372417415409 0.79427931579164124 0 0 0 1
1671108854.9698205 47.685003300588598 24.036687643096879 0.79360367308595414 0 0 0 1
1671108855.0687444 47.754710814526234 24.122920340265452 0.79618137950717482 0 0 0 1
1671108855.1667485 47.807482319728962 24.157647946782802 0.80437287697532156 0 0 0 1
1671108855.2679744 47.858955757678267 24.202216712775957 0.80500612555772477 0 0 0 1
1671108855.359051 47.908490285583802 24.239107945756789 0.81176998918817844 0 0 0 1
1671108855.463021 47.98588865005047 24.276481449734085 0.79883633039401047 0 0 0 1
1671108855.5623596 48.054239184488708 24.316135700455579 0.80402806400957161 0 0 0 1
1671108855.6626606 48.09900506884 24.357790508989908 0.77361728073515224 0 0 0 1
1671108855.7607324 48.150107933555155 24.406686521877056 0.7683191303312924 0 0 0 1
1671108855.8737066 48.230687836584885 24.471363014347595 0.77010658513904673 0 0 0 1
1671108855.9686186 48.328133665093553 24.538094756637982 0.7690702119806474 0 0 0 1
1671108856.0735545 48.391312839526826 24.558278168619282 0.74169071574817735 0 0 0 1
1671108856.1703193 48.435883344564374 24.594735947311246 0.74672260106126487 0 0 0 1
1671108856.2646368 48.47292281300647 24.644369949498852 0.76155682236867506 0 0 0 1
1671108856.3643324 48.563933220229963 24.663268080747372 0.7576820374277986 0 0 0 1
1671108856.4651775 48.629005987898552 24.706193056777408 0.74318513448611156 0 0 0 1
1671108856.5665436 48.674038204579979 24.743340745424099 0.72591381353208817 0 0 0 1
1671108856.6613269 48.735448602322023 24.772482370816814 0.73137477496800329 0 0 0 1
1671108856.764652 48.802853903104442 24.835603476577596 0.74094713996385053 0 0 0 1
1671108856.8707645 48.888402333428928 24.894211099017781 0.72944023215086418 0 0 0 1
1671108856.9600704 48.919743128483773 24.929947779492871 0.73419183401688315 0 0 0 1
1671108857.0628707 48.986573129756245 24.955789635831337 0.71509845047773979 0 0 0 1
1671108857.1733921 49.035673786250861 24.980056407440916 0.70679758002256676 0 0 0 1
1671108857.2694399 49.097651469225468 25.003531207755486 0.69998788666100609 0 0 0 1
1671108857.3656881 49.166638612198092 25.031357179943626 0.68956499645810254 0 0 0 1
1671108857.4678767 49.211141414168701 25.049296718502926 0.68734145930034174 0 0 0 1
1671108857.5661633 49.284648316501894 25.076375054820396 0.68806072729148582 0 0 0 1
1671108857.6637115 49.364440762468682 25.116135046317922 0.69855722048896496 0 0 0 1
1671108857.7627661 49.46044532845503 25.150211054192461 0.69220629097731035 0 0 0 1
1671108857.8698909 49.527949859341916 25.176970528423087 0.68177300250840744 0 0 0 1
1671108857.9657907 49.5861528816598 25.210945074365505 0.67242835381387067 0 0 0 1
1671108858.0633066 49.647385128612036 25.24571111928914 0.67949935602655387 0 0 0 1
1671108858.1659703 49.737167054944969 25.267428089387455 0.69509064277406196 0 0 0 1
1671108858.270999 49.802140047427628 25.294218402236641 0.66722813532282998 0 0 0 1
1671108858.3659439 49.865024063411354 25.304740708322409 0.64882679363540774 0 0 0 1
1671108858.4636123 49.946853235474485 25.341256741685822 0.64894809052987057 0 0 0 1
1671108858.5634985 50.033562417553483 25.414892276898787 0.64658263425314999 0 0 0 1
1671108858.6668355 50.299739228831605 25.405328444719942 0.21400528498145377 0 0 0 1
1671108858.7642815 50.358877639370228 25.426143197466164 0.19861028482137044 0 0 0 1
1671108858.8693917 50.423828265343737 25.462224445535497 0.20865506443021786 0 0 0 1
1671108858.9590347 50.474201866366379 25.500074798218186 0.2145680280035549 0 0 0 1
1671108859.0578074 50.555039894695412 25.519847822198784 0.20771155904174066 0 0 0 1
1671108859.1584451 50.601297897669049 25.550779511514982 0.20018900932370798 0 0 0 1
1671108859.2674553 50.679504401485104 25.552678717329652 0.16761754453955291 0 0 0 1
1671108859.3676565 50.757392824201375 25.575158358375344 0.16091232638029851 0 0 0 1
1671108859.459378 50.860053908361806 25.63219003860182 0.15280599679283569 0 0 0 1
1671108859.5642004 50.935669909389432 25.663383393112536 0.16889737534756932 0 0 0 1
1671108859.6711507 50.975749775845792 25.747989331768458 0.2493874792509132 0 0 0 1
1671108859.7716346 51.044966450250406 25.787453012386518 0.23513483524004641 0 0 0 1
1671108859.8704026 51.106409228990941 25.823100238934614 0.23140350872438376 0 0 0 1
1671108859.9666789 51.185997181724012 25.853254438877038 0.24818039310650875 0 0 0 1
1671108860.0630677 51.243762005158189 25.86737208042916 0.2364628356351659 0 0 0 1
1671108860.1620111 51.307256149777061 25.89301742071212 0.24037775124372729 0 0 0 1
1671108860.2653084 51.382812215543517 25.933578216161433 0.22682774324096044 0 0 0 1
1671108860.3604836 51.467843835968416 26.01222969103976 0.23442223832830678 0 0 0 1
1671108860.4763169 51.550847187749277 26.026374110625646 0.21365999434794958 0 0 0 1
1671108860.5660446 51.582913909650138 26.073359100334557 0.21953890642146234 0 0 0 1
1671108860.6691108 51.651665616141642 26.115432758432238 0.22238054648073557 0 0 0 1
1671108860.7694838 51.712923613057939 26.139464605208573 0.21262981921415758 0 0 0 1
1671108860.8757365 51.787969346704443 26.174498433017089 0.2014775257346173 0 0 0 1
1671108860.9651496 51.828488395561067 26.209602101060856 0.21729608669227218 0 0 0 1
1671108861.0655787 51.898051531640029 26.248777462997754 0.22570068556876777 0 0 0 1
1671108861.163713 51.965992164821948 26.291652391462122 0.2076521522189978 0 0 0 1
1671108861.2662005 52.081857252449545 26.3381247183973 0.19864513859317867 0 0 0 1
1671108861.3605788 52.141335898884307 26.358767372223127 0.2098231669241386 0 0 0 1
1671108861.4675424 52.188327962267294 26.388307989219573 0.20666327122148687 0 0 0 1
1671108861.56795 52.24085149490535 26.426532941307116 0.21124946329450722 0 0 0 1
1671108861.6750929 52.316227299073788 26.458869334887165 0.23880285974166782 0 0 0 1
1671108861.7665234 52.365647724050781 26.486164480933596 0.25287415967454763 0 0 0 1
1671108861.87293 52.41116549218512 26.499811206459885 0.24602859363551488 0 0 0 1
1671108861.9622605 52.473284883699208 26.530832357881089 0.23590126057945326 0 0 0 1
1671108862.0606856 52.553825421578026 26.577452752308837 0.22380304219575464 0 0 0 1
1671108862.1593182 52.611997444560423 26.594606290059236 0.25857369463074065 0 0 0 1
1671108862.2651963 52.647770123945101 26.622325227200157 0.25731574139001623 0 0 0 1
1671108862.3603275 52.69932220608915 26.656599703530375 0.23792442465639851 0 0 0 1
1671108862.4610553 52.75287194146869 26.679182709035889 0.23279032582547643 0 0 0 1
1671108862.5646152 52.834039831766752 26.711218243688442 0.26720062761773988 0 0 0 1
1671108862.6710446 52.869160781741421 26.740680904776735 0.25779673112776891 0 0 0 1
1671108862.7703545 52.922624165948385 26.758667097964562 0.23358283594848217 0 0 0 1
1671108862.8742886 52.981962366220728 26.787594933192217 0.23587684393567088 0 0 0 1
1671108862.9615815 53.081388829573804 26.833590999836776 0.2575144089096284 0 0 0 1
1671108863.0601377 53.141886655888953 26.859574999032201 0.27841472941133816 0 0 0 1
1671108863.1621027 53.199493692460592 26.878357533255567 0.27406342067911282 0 0 0 1
1671108863.2647669 53.278240833345698 26.908799679176244 0.26097923866211659 0 0 0 1
1671108863.3587124 53.351870006139599 26.94111175536613 0.27027141426299295 0 0 0 1
1671108863.4597156 53.402957878744743 26.977798592842486 0.27854969363431792 0 0 0 1
1671108863.5588069 53.457272566432771 26.995770020828047 0.28564926205524444 0 0 0 1
1671108863.659641 53.527246895374113 27.03654768687219 0.2935732729248457 0 0 0 1
1671108863.7791088 53.62404131441189 27.087575791936843 0.28264118359413715 0 0 0 1
1671108863.8773432 53.693895791000273 27.102886595066746 0.27484877540985053 0 0 0 1
1671108863.9722395 53.74435728364309 27.128285949552108 0.28823006691357023 0 0 0 1
1671108864.068212 53.630447853489564 27.227423941343492 0.54735443995366495 0 0 0 1
1671108864.1669741 53.714901291792579 27.232584644583977 0.533538985482096 0 0 0 1
1671108864.2704031 53.776299661403797 27.263270444629942 0.52900378236824963 0 0 0 1
1671108864.365478 53.823535154215996 27.280563120286573 0.52722015348967943 0 0 0 1
1671108864.4619784 53.89561705957356 27.290199779954712 0.5298399601225583 0 0 0 1
1671108864.5627246 53.963709882658407 27.351202753809225 0.51292133224069403 0 0 0 1
1671108864.662616 54.039492816067465 27.375679656526124 0.54694084265292986 0 0 0 1
1671108864.763371 54.088329786641928 27.403509582984888 0.57043553042296935 0 0 0 1
1671108864.8767028 54.15372191832666 27.415063485947886 0.54526455131053808 0 0 0 1
1671108864.9624016 54.220833545809008 27.416202932590174 0.49976900365311394 0 0 0 1
1671108865.0625782 54.305016005159963 27.446448660189311 0.52310490391232634 0 0 0 1
1671108865.1591542 54.351057576825987 27.484849754487559 0.53656801670831555 0 0 0 1
1671108865.2665076 54.417101913484544 27.483775006121018 0.51272485129470624 0 0 0 1
1671108865.3610737 54.479947245274197 27.52056315483954 0.52395438942869532 0 0 0 1
1671108865.4647193 54.567475242399425 27.598904801252424 0.55263394320832049 0 0 0 1
1671108865.5647807 54.653655595137707 27.631288680802999 0.55111974858743906 0 0 0 1
1671108865.6633348 54.712717117591843 27.636725219724404 0.54160265240852823 0 0 0 1
1671108865.7657065 54.790187583695818 27.666537594120285 0.56477463870021438 0 0 0 1
1671108865.8733747 54.870551158114431 27.705043490197738 0.57996625861949269 0 0 0 1
1671108865.9708815 54.944077794766322 27.749022582136597 0.57947254839109519 0 0 0 1
1671108866.0718026 55.008576037888609 27.786022775215397 0.57674958497523221 0 0 0 1
1671108866.1643829 55.069621983108306 27.844645594817841 0.55635036969249541 0 0 0 1
1671108866.2673588 55.162853933801173 27.862164531841977 0.51685884911205449 0 0 0 1
1671108866.3597159 55.224367238972604 27.894702175877015 0.51917770561874477 0 0 0 1
1671108866.460067 55.272460823504957 27.929064046749552 0.52619027685466335 0 0 0 1
1671108866.5596037 55.321008517769776 27.98573205406753 0.54627709836097438 0 0 0 1
1671108866.6603737 55.587092990668985 27.950115690806101 0.26157467053519667 0 0 0 1
1671108866.7609067 55.651492954814451 27.974705888638454 0.25282658754485965 0 0 0 1
1671108866.8703544 55.719080081341666 27.995839959697417 0.24391898137309909 0 0 0 1
1671108866.9607477 55.789632667452338 28.041021836054625 0.2447880127932649 0 0 0 1
1671108867.0693467 55.873668884608037 28.076277451991334 0.25677374782526385 0 0 0 1
1671108867.166533 55.935341971324149 28.125861162613525 0.2930311672081416 0 0 0 1
1671108867.269331 55.998219749680068 28.142608566270898 0.26913122086375552 0 0 0 1
1671108867.3641055 56.065128617129737 28.174566223711924 0.2607420370611635 0 0 0 1
1671108867.4638023 56.147248999356719 28.182379010744395 0.26076356546536772 0 0 0 1
1671108867.5638924 56.202259086959209 28.205817594659166 0.24457737080115294 0 0 0 1
1671108867.6617486 56.255369049828566 28.239376455929456 0.24700161864882375 0 0 0 1
1671108867.7618804 56.317820940241987 28.277838022079266 0.24643084214801547 0 0 0 1
1671108867.8739097 56.400947744283343 28.327844912858115 0.28600069359026747 0 0 0 1
1671108867.9623487 56.464021546571082 28.335648712924083 0.28315902882661703 0 0 0 1
1671108868.0629253 56.523146632632965 28.339905637750359 0.24725756528482634 0 0 0 1
1671108868.1660104 56.588096508132004 28.379268788327639 0.23830404676698436 0 0 0 1
1671108868.2688496 56.66252598453184 28.425085292474932 0.26722781148657759 0 0 0 1
1671108868.3637617 56.710921037819077 28.470736520310144 0.29637165692440703 0 0 0 1
1671108868.4659762 56.7770372185837 28.490306881318535 0.28358917931552696 0 0 0 1
1671108868.5617542 56.810423024183073 28.545321267762716 0.35511250789147653 0 0 0 1
1671108868.6618412 56.891235990614639 28.607279855632612 0.36928899018982975 0 0 0 1
1671108868.7637296 56.946222945434045 28.638538298014279 0.3630436263528054 0 0 0 1
1671108868.8749228 56.993079105790066 28.660800716944628 0.35574900971073475 0 0 0 1
1671108868.9576046 56.929415672299918 28.710836698660337 0.44159616322247075 0 0 0 1
1671108869.056994 56.994112793526931 28.776364725177295 0.47269502124913743 0 0 0 1
1671108869.1519051 57.043885195770656 28.827008911253355 0.46135725745023137 0 0 0 1
1671108869.2701406 57.078414737103373 28.856025309406728 0.42034283296072772 0 0 0 1
1671108869.3599272 57.142646024606734 28.905130887241341 0.42718823338168477 0 0 0 1
1671108869.4621329 57.219226800065464 28.971788295545096 0.44867267838333191 0 0 0 1
1671108869.5604186 57.286342651534127 28.988087580260686 0.41315608318916475 0 0 0 1
1671108869.6616814 57.336896676099272 29.009304540849062 0.35382508015652547 0 0 0 1
1671108869.7521636 57.373629922518177 29.061006005848238 0.37208468658548099 0 0 0 1
1671108869.8731103 57.456103609166746 29.103073055440689 0.40297946843406862 0 0 0 1
1671108869.9565806 57.504164057486292 29.148101333823149 0.41685136870432871 0 0 0 1
1671108870.0589678 57.563929507614809 29.179519186602107 0.38364275241394807 0 0 0 1
1671108870.1541009 57.627165182506097 29.228206250440053 0.40065088883113731 0 0 0 1
1671108870.2563875 57.708937958387665 29.269891429167057 0.36199518976138734 0 0 0 1
1671108870.3627238 57.754639501130505 29.311537426495143 0.38981773183343194 0 0 0 1
1671108870.4615052 57.787630680393946 29.372559326149805 0.45042811224277557 0 0 0 1
1671108870.5651574 57.850994311182539 29.410380073217048 0.41596891969288663 0 0 0 1
1671108870.6603355 57.939328712086194 29.437715247153829 0.38588738535781886 0 0 0 1
1671108870.7616296 57.988570269767749 29.484615230702559 0.34165250071487208 0 0 0 1
1671108870.8598475 58.022267381657358 29.548913236128321 0.40286504972800685 0 0 0 1
1671108870.9567764 58.086170504053968 29.630922615011585 0.42036277274178246 0 0 0 1
1671108871.0552394 58.177125415665266 29.640272428577255 0.36607676561709468 0 0 0 1
1671108871.1520109 58.211195332463106 29.67743521182587 0.37578399637300208 0 0 0 1
1671108871.2574015 58.245415627755499 29.749461479017931 0.44741699652286115 0 0 0 1
1671108871.353261 58.300404787389894 29.777046123122325 0.42759244814169506 0 0 0 1
1671108871.4677317 58.376421595503203 29.823802608274846 0.43176697690455512 0 0 0 1
1671108871.5639076 58.416885904751908 29.857005547918707 0.43569406528388299 0 0 0 1
1671108871.661757 58.475728745264988 29.896124964467482 0.42711805557701155 0 0 0 1
1671108871.7621226 58.559417554358532 29.958015044448 0.39780960251607667 0 0 0 1
1671108871.859817 58.631624284159912 29.96996034874568 0.53598795982168213 0 0 0 1
1671108871.954494 58.675976944627919 29.986845766435724 0.54750362113554729 0 0 0 1
1671108872.0558569 58.720513604056798 30.02733507961193 0.56426044141505827 0 0 0 1
1671108872.1520636 58.809666582224764 30.060013434144974 0.55691187418722166 0 0 0 1
1671108872.259079 58.857190604822001 30.098877103565613 0.53759031455467721 0 0 0 1
1671108872.3548908 58.922798496337194 30.111820396724834 0.52575858557986521 0 0 0 1
1671108872.4562874 58.999148308142651 30.130261409462882 0.50518950391744966 0 0 0 1
1671108872.5617838 59.078182627958746 30.19672162615359 0.53544650843173258 0 0 0 1
1671108872.6606703 59.137141280112246 30.224116425986765 0.51885821893961293 0 0 0 1
1671108872.7613943 59.178260120805646 30.260298368327479 0.51713195762238229 0 0 0 1
1671108872.8602948 59.22608028615894 30.315168336952226 0.56378036913122287 0 0 0 1
1671108872.9575765 59.298730960318593 30.357344948598062 0.56956664611641372 0 0 0 1
1671108873.0556405 59.340565607512282 30.407041358011046 0.55270730520669531 0 0 0 1
1671108873.1542497 59.392061411970744 30.444581305879439 0.52078871213643652 0 0 0 1
1671108873.2580757 59.464760453025093 30.509155036649975 0.5427066639970235 0 0 0 1
1671108873.3549633 59.534784263513217 30.544574780357102 0.57093346873602968 0 0 0 1
1671108873.4574182 59.581151308847545 30.560935176149965 0.58396604010863484 0 0 0 1
1671108873.5551062 59.646001266965484 30.603710823664567 0.57008665751925491 0 0 0 1
1671108873.6603279 59.692000514241265 30.652076046607771 0.57826656795293729 0 0 0 1
1671108873.7620013 59.756183223137135 30.674122727531124 0.58256412130162971 0 0 0 1
1671108873.8600435 59.825246927145358 30.691334412566263 0.55175776162047896 0 0 0 1
1671108873.958256 59.886403329567614 30.757459530997956 0.57523811592272978 0 0 0 1
1671108874.0706732 59.961955938411663 30.777958045324944 0.57406866763381004 0 0 0 1
1671108874.1586156 60.046609540895659 30.801036423943007 0.58056924201753191 0 0 0 1
1671108874.2598207 60.07697588908843 30.871432120193408 0.62932675873150856 0 0 0 1
1671108874.3580482 60.135524629715952 30.901582807343871 0.62886958135959503 0 0 0 1
1671108874.4592125 60.229976458492025 30.916130111670107 0.61991086511125104 0 0 0 1
1671108874.5573084 60.323893491260343 30.946725076241062 0.5938426334879523 0 0 0 1
1671108874.6584442 60.382200968564959 30.986569032073476 0.61248002711920435 0 0 0 1
1671108874.7683902 60.452730878497015 31.053586793816638 0.64076052677432926 0 0 0 1
1671108874.8711443 60.564763955788763 31.102912227086943 0.62943377984174731 0 0 0 1
1671108874.9679303 60.655848413513262 31.122364063609481 0.60916254028018102 0 0 0 1
1671108875.0643733 60.708629869217503 31.17668606443997 0.63562586593798187 0 0 0 1
1671108875.1609087 60.784652659797302 31.174674962620486 0.62683065252929282 0 0 0 1
1671108875.2668698 60.912424001997813 31.194409946906475 0.58400966794829401 0 0 0 1
1671108875.3641157 60.96182858564368 31.274670690341964 0.61657756936585884 0 0 0 1
1671108875.4630032 61.03476788991496 31.291638477922397 0.59597816383893587 0 0 0 1
1671108875.5612905 61.116253629850675 31.331945684836938 0.59807418369234711 0 0 0 1
1671108875.6638148 61.190885876552841 31.374912724010162 0.60233059835570657 0 0 0 1
1671108875.7666001 61.244895429220698 31.411962679898885 0.6001873626859151 0 0 0 1
1671108875.8727837 61.309230252182076 31.460110180661328 0.62288614935266651 0 0 0 1
1671108875.96577 61.395360309701253 31.499570724407914 0.61937351682013286 0 0 0 1
1671108876.0642369 61.463414729032493 31.545631492545802 0.63023207143783111 0 0 0 1
1671108876.1665702 61.528253658335601 31.568217076270621 0.60586393279925232 0 0 0 1
1671108876.2641366 61.612498726216792 31.61164471751993 0.60000635867640995 0 0 0 1
1671108876.3616779 61.696390440698067 31.660207302205674 0.62229276639584441 0 0 0 1
1671108876.4646111 61.768782476865852 31.686751444648664 0.62022012248235114 0 0 0 1
1671108876.5617626 61.830235217957501 31.726638185970764 0.62668580826982634 0 0 0 1
1671108876.6621058 61.908050597388495 31.756131244333019 0.6258328319447628 0 0 0 1
1671108876.7629218 61.97728885306897 31.788386565243314 0.62728306553469793 0 0 0 1
1671108876.8637187 62.041425170002967 31.813864167363999 0.59832170728736855 0 0 0 1
1671108876.9617705 62.122932025130403 31.860612717430243 0.60056807919590938 0 0 0 1
1671108877.0611825 62.205510005611195 31.910664459786748 0.6035839287495719 0 0 0 1
1671108877.1614208 62.260394033251885 31.935179986188857 0.5990516621155848 0 0 0 1
1671108877.2639072 62.318046733430172 31.968596750988954 0.61042276190755729 0 0 0 1
1671108877.3602812 62.36467691486336 32.028584455437212 0.64564552493686733 0 0 0 1
1671108877.459049 62.444710207047237 32.056789023531557 0.64049282684300124 0 0 0 1
1671108877.5581532 62.498145292836831 32.07228158609491 0.61416571066899905 0 0 0 1
1671108877.6503882 62.563455890605113 32.124225958338833 0.59068726240661817 0 0 0 1
1671108877.7580552 62.648933892455382 32.196326924578692 0.61876065172134531 0 0 0 1
1671108877.8609452 62.713853434566268 32.25667418879685 0.66834470618323394 0 0 0 1
1671108877.9618881 62.769173704327237 32.280678860302473 0.63872521162318208 0 0 0 1
1671108878.0621274 62.827206375259998 32.324914191524996 0.63983489308827757 0 0 0 1
1671108878.1620371 62.904008525678179 32.401462569841897 0.66343158956829029 0 0 0 1
1671108878.2628162 62.975891902099129 32.428920000120002 0.63847128331269687 0 0 0 1
1671108878.3586681 63.022658497671891 32.462919619851796 0.61276739607512809 0 0 0 1
1671108878.4599111 63.098947843354239 32.511172626238867 0.6086102616751532 0 0 0 1
1671108878.5554481 63.193110143029266 32.594140627708022 0.64142802602054871 0 0 0 1
1671108878.6542318 63.21175610863628 32.654306965979785 0.67766288542361508 0 0 0 1
1671108878.756237 63.251377985012169 32.684980801994207 0.66629292679215268 0 0 0 1
1671108878.8567472 63.299832373970979 32.711878544044055 0.64599523715673968 0 0 0 1
1671108878.9577491 63.370198099048132 32.743660290940063 0.63339900150674566 0 0 0 1
1671108879.0571957 63.438949769990842 32.827817907410463 0.6637275300249712 0 0 0 1
1671108879.1692989 63.508085911374963 32.868967880468432 0.66020979314339456 0 0 0 1
1671108879.2681096 63.603902742617507 32.936015562613527 0.66175305995329836 0 0 0 1
1671108879.3629053 63.701002757229787 32.985234434759192 0.63734712957045758 0 0 0 1
1671108879.4647968 63.762922892242017 33.022425510180661 0.64119018678366047 0 0 0 1
1671108879.5623598 63.836670837495618 33.077577997800276 0.64080038180907195 0 0 0 1
1671108879.6518116 63.915356113215203 33.142245553042727 0.64587134541375235 0 0 0 1
1671108879.757364 64.027513062243187 33.165443632573989 0.60669631426196702 0 0 0 1
1671108879.8648694 64.093742737657038 33.222249468243511 0.61394336096873303 0 0 0 1
1671108879.9573073 64.172253173364197 33.275429277032359 0.6319680718086147 0 0 0 1
1671108880.0630114 64.271494320871184 33.377413003417068 0.63650301598045189 0 0 0 1
1671108880.1599252 64.395574877811768 33.426704082327404 0.58970471743532471 0 0 0 1
1671108880.2654731 64.46038774195155 33.454030252271323 0.58153954775923467 0 0 0 1
1671108880.3682678 64.518638137377934 33.536818266120576 0.62231470174117476 0 0 0 1
1671108880.4660008 64.745899966303625 33.519404834587007 0.40324094803315802 0 0 0 1
1671108880.5599284 64.830696079149831 33.575854615904966 0.38280451200273546 0 0 0 1
1671108880.6623607 64.92109654338185 33.628327325090986 0.36443178321690084 0 0 0 1
1671108880.7619803 65.044964062739368 33.732990704691836 0.31712801844173555 0 0 0 1
1671108880.8623784 65.120329120113382 33.824622556534877 0.37174051579154366 0 0 0 1
1671108880.9645047 65.192628578540408 33.869126615672073 0.35374454524810517 0 0 0 1
1671108881.0644064 65.250863577390547 33.936260743843981 0.37561003179689578 0 0 0 1
1671108881.1607697 65.334903200910361 33.978152203576805 0.34536208767076459 0 0 0 1
1671108881.2577507 65.414382260587672 34.026381131881159 0.33232795726814857 0 0 0 1
1671108881.3636773 65.480116275262503 34.087785830270633 0.33209446962075617 0 0 0 1
1671108881.4588304 65.551640476971571 34.177106542117492 0.36447667240724968 0 0 0 1
1671108881.5579326 65.688237128780017 34.256400429718489 0.33105918780927368 0 0 0 1
1671108881.659966 65.7452755719236 34.305853505423428 0.34357170308260265 0 0 0 1
1671108881.7608621 65.77603829624276 34.352044294323157 0.33291462840122676 0 0 0 1
1671108881.8587024 65.82281264619175 34.425843952480172 0.33910604064772087 0 0 0 1
1671108881.9659433 65.875596826513302 34.475878242151474 0.33322595296760937 0 0 0 1
1671108882.0631292 65.943743696399636 34.540259944182736 0.35452345100691218 0 0 0 1
1671108882.1608353 66.016210310770475 34.568319929154519 0.33753408137977203 0 0 0 1
1671108882.2577362 66.093092350381056 34.609894046436281 0.31359131459669243 0 0 0 1
1671108882.3608723 66.180297149750558 34.675728727410991 0.32701665807519475 0 0 0 1
1671108882.4642565 66.282578264736458 34.694422948339145 0.30267831534467859 0 0 0 1
1671108882.5645921 66.35216383131241 34.731783409323377 0.31264425136657792 0 0 0 1
1671108882.659179 66.423351560557307 34.799862164818776 0.31827882260029128 0 0 0 1
1671108882.7592165 66.495826442786907 34.845247742487771 0.32934890113187976 0 0 0 1
1671108882.8643715 66.594877773970921 34.865227804677794 0.32189434210192758 0 0 0 1
1671108882.9681423 66.680562744040714 34.909844774697874 0.32325106511075319 0 0 0 1
1671108883.0632753 66.74725609813153 34.958445328961815 0.33487856928809379 0 0 0 1
1671108883.1630096 66.826767706281629 34.995224901893629 0.31436229671703586 0 0 0 1
1671108883.2620454 66.951357323485425 35.093249543351924 0.32432065919465458 0 0 0 1
1671108883.361716 67.036166268655109 35.112105551932039 0.3123050943842145 0 0 0 1
1671108883.4618201 67.103221112079083 35.141748485932247 0.29716052132562254 0 0 0 1
1671108883.5652132 67.199124518056607 35.207353661013144 0.34171489253628806 0 0 0 1
1671108883.6627202 67.303040908225071 35.254161170802846 0.35565386658356601 0 0 0 1
1671108883.7653885 67.385546278325862 35.273247777108615 0.3049420096498352 0 0 0 1
1671108883.8618982 67.465639900757481 35.328118358011849 0.28937915484164023 0 0 0 1
1671108883.9591975 67.555740226549361 35.421020057603677 0.30226620312419072 0 0 0 1
1671108884.0629761 67.654003313857203 35.453146796546243 0.3273954203610856 0 0 0 1
1671108884.1621614 67.720627490001263 35.466559693227161 0.31263893651964736 0 0 0 1
1671108884.2732122 67.782444392115195 35.518044691303622 0.33638075989404115 0 0 0 1
1671108884.3743396 67.879987109247978 35.582429199197897 0.35581541842077513 0 0 0 1
1671108884.4633467 67.954363357258501 35.631653653441077 0.34129385417998037 0 0 0 1
1671108884.5651286 68.031999368551098 35.645564100999316 0.32871283590054645 0 0 0 1
1671108884.6748283 68.110319616647885 35.733882866630495 0.38734011287260728 0 0 0 1
1671108884.7674694 68.221262205554964 35.814582574995285 0.3937852316136059 0 0 0 1
1671108884.8633339 68.290624254764325 35.836379803849908 0.37944650012991588 0 0 0 1
1671108884.9585457 68.355598361899069 35.861834921393914 0.37027004651770312 0 0 0 1
1671108885.063343 68.428878488226545 35.904141595361992 0.350132828620076 0 0 0 1
1671108885.1599362 68.52285684976863 35.964617450798421 0.41192020712333033 0 0 0 1
1671108885.2594497 68.599368444910681 35.985187889547504 0.40037227281118248 0 0 0 1
1671108885.3600295 68.683469547299168 35.983555953145725 0.33863250031788539 0 0 0 1
1671108885.4541109 68.76667834818123 36.092510341790245 0.3838339742280823 0 0 0 1
1671108885.5566142 68.875081712245546 36.157593538267498 0.35204391441322969 0 0 0 1
1671108885.6608882 68.962873276004984 36.169789697230257 0.32348524831672876 0 0 0 1
1671108885.7652237 69.00067200341924 36.240307300714647 0.36770826022825531 0 0 0 1
1671108885.8666108 69.073129333235926 36.289149903129726 0.35112776890298392 0 0 0 1
1671108885.9634509 69.168697278704869 36.303251587768727 0.32170276346982973 0 0 0 1
1671108886.0666468 69.237734630789504 36.368727172841183 0.34753033007268641 0 0 0 1
1671108886.1613579 69.294201936791552 36.43838752330047 0.38345155309798429 0 0 0 1
1671108886.2603939 69.379727470534917 36.461897110873458 0.3597267329943179 0 0 0 1
1671108886.3612778 69.479585199177563 36.552385118716138 0.35910774369619958 0 0 0 1
1671108886.4574678 69.562935031592133 36.579735792401671 0.34426314909001121 0 0 0 1
1671108886.5592163 69.610069729363104 36.63231945591437 0.3523985543387198 0 0 0 1
1671108886.661499 69.676762348778922 36.687361722010948 0.38117061003936215 0 0 0 1
1671108886.7620912 69.766455241980509 36.720450980429867 0.38827082569173399 0 0 0 1
1671108886.8701761 69.825710129316931 36.772200203150938 0.39058587245961007 0 0 0 1
1671108886.9623809 69.906097795546003 36.79277166240886 0.37774888146543617 0 0 0 1
1671108887.0662069 69.97977691755078 36.858764227843977 0.40675989567807846 0 0 0 1
1671108887.1619315 70.091734023126861 36.922611373352773 0.39207552278867297 0 0 0 1
1671108887.2618878 70.18206551875501 36.953021583058224 0.38598748866183996 0 0 0 1
1671108887.3617139 70.242693008889361 36.987713395483034 0.38411421358637199 0 0 0 1
1671108887.4582195 70.310467059647934 37.024999962484578 0.39777585413492034 0 0 0 1
1671108887.5567532 70.378876101865913 37.085869825896935 0.40950694121136166 0 0 0 1
1671108887.6558301 70.483768535432148 37.141498269477815 0.41430390571406406 0 0 0 1
1671108887.7586021 70.545464935045217 37.141365120424716 0.36618648328101244 0 0 0 1
1671108887.8552644 70.601183245405977 37.18796491001229 0.3681048733805028 0 0 0 1
1671108887.962734 70.671642763992551 37.25392106813792 0.38298086309907831 0 0 0 1
1671108888.0657237 70.78337087610835 37.339993719839534 0.38475463583142755 0 0 0 1
1671108888.159529 70.847530284746824 37.358215107600991 0.38749653105332982 0 0 0 1
1671108888.2614541 70.894940278672991 37.415150234714424 0.40322825734097023 0 0 0 1
1671108888.3614712 70.94987028906948 37.533809896158111 0.47959883516284663 0 0 0 1
1671108888.4591177 71.035636902861981 37.551875961992764 0.49030919614949653 0 0 0 1
1671108888.5595245 71.116720475378301 37.566171306281447 0.4538961812480693 0 0 0 1
1671108888.659832 71.173989746299767 37.598741687574837 0.44712301878246308 0 0 0 1
1671108888.7574272 71.240992254794037 37.660335956741307 0.43930387424495621 0 0 0 1
1671108888.8580806 71.358958812345577 37.722855763468637 0.43046888715582554 0 0 0 1
1671108888.9615898 71.43586544223966 37.792418284240391 0.47383626315638594 0 0 0 1
1671108889.068404 71.484862230697573 37.825725997911846 0.49060201689576388 0 0 0 1
1671108889.1628306 71.557888439912588 37.832365542057964 0.45932901020103145 0 0 0 1
1671108889.2638416 71.579222090802148 37.966498145401836 0.62207981903770815 0 0 0 1
1671108889.3683343 71.622285185707526 38.019648682935333 0.60329804247498942 0 0 0 1
1671108889.4633424 71.669739911072057 38.068040377303824 0.63689774100441809 0 0 0 1
1671108889.5644391 71.734570460340237 38.11206026814542 0.62931440215311341 0 0 0 1
1671108889.6616297 71.825691186520984 38.164593247413983 0.61558143618367467 0 0 0 1
1671108889.7649438 71.878775259601042 38.209447897185328 0.61749920670240499 0 0 0 1
1671108889.8626945 71.901350691368734 38.269881574986385 0.65398844680737511 0 0 0 1
1671108889.9622736 71.954714444164878 38.326637112923464 0.64791609295946273 0 0 0 1
1671108890.0668759 72.027148226462572 38.365872140038036 0.6687218010581546 0 0 0 1
1671108890.1703053 72.081404618873648 38.420000870143717 0.67487901125980443 0 0 0 1
1671108890.2712336 72.133935770012542 38.464331617735404 0.65307659438633436 0 0 0 1
1671108890.3680029 72.194637380165531 38.548586739856304 0.68408810572611856 0 0 0 1
1671108890.4588192 72.280734826804036 38.632811521413082 0.65823117697323141 0 0 0 1
1671108890.566752 72.333670112395424 38.686116492821554 0.66777385734121708 0 0 0 1
1671108890.670923 72.397949940587566 38.705047946659683 0.65928553546723379 0 0 0 1
1671108890.77827 72.449805688401767 38.761042436113627 0.63815445065245058 0 0 0 1
1671108890.8642356 72.531137939718747 38.800141203044262 0.64308903075652779 0 0 0 1
1671108890.9675422 72.585370924436077 38.855749347991249 0.62331609586431114 0 0 0 1
1671108891.0660665 72.640959044065539 38.892241111960054 0.59213176834782644 0 0 0 1
1671108891.1613193 72.693878054630559 38.946448769816833 0.61916589732391003 0 0 0 1
1671108891.2674916 72.775240200110616 39.01582356442286 0.61602628701166395 0 0 0 1
1671108891.3592577 72.847506722188029 39.086700302152323 0.6515789578093063 0 0 0 1
1671108891.4567988 72.89915259863146 39.120271054388304 0.63094810650807176 0 0 0 1
1671108891.5578148 72.939782065981959 39.191744667918442 0.66634863127978861 0 0 0 1
1671108891.658874 72.989446475739285 39.255933826665895 0.67007879764480549 0 0 0 1
1671108891.7581229 73.058202884150845 39.297189609409713 0.65472524689209877 0 0 0 1
1671108891.8595793 73.120023796168354 39.335113009047404 0.60864495281100517 0 0 0 1
1671108891.9658003 73.179412842271063 39.380473422164485 0.60120028763492428 0 0 0 1
1671108892.0587475 73.244814286159027 39.431908685718902 0.60654858879331641 0 0 0 1
1671108892.1567078 73.323966230603858 39.53183110532521 0.59932507678638558 0 0 0 1
1671108892.2627575 73.381149734142895 39.609800272985986 0.49186675140492753 0 0 0 1
1671108892.3614008 73.424145264226624 39.667022861697951 0.53968282226446718 0 0 0 1
1671108892.4615443 73.481937929473702 39.711673613080791 0.54043612378245598 0 0 0 1
1671108892.5610805 73.545270963813095 39.759835207107741 0.53024151025067567 0 0 0 1
1671108892.6560464 73.616038819970882 39.810256723304867 0.52084964761024821 0 0 0 1
1671108892.7556591 73.672276216143814 39.840695476422475 0.54209283729574054 0 0 0 1
1671108892.8572681 73.7265969226371 39.881779850014418 0.61785785694758033 0 0 0 1
1671108892.9619951 73.785015775093058 39.949404837973894 0.63044539220061324 0 0 0 1
1671108893.0612388 73.873376644046331 40.027557768547354 0.59623492223568064 0 0 0 1
1671108893.1552973 73.922117280557814 40.068746267154374 0.59620274167832576 0 0 0 1
1671108893.2560644 73.97305149154009 40.114842700681642 0.59097276438058088 0 0 0 1
1671108893.3561592 74.033447581956011 40.151306763573686 0.60109027268708815 0 0 0 1
1671108893.4634359 74.105909672940726 40.206268323268262 0.63353892501550035 0 0 0 1
1671108893.5610552 74.165086731334668 40.251315382927949 0.65453351711471441 0 0 0 1
1671108893.6610546 74.218265589340405 40.28659822870015 0.63846430483135919 0 0 0 1
1671108893.7604225 74.281987728103559 40.333030725357958 0.62103907746040932 0 0 0 1
1671108893.8609474 74.365166692490575 40.426056733972494 0.64346380753534049 0 0 0 1
1671108893.9665878 74.43426959022554 40.472138770978432 0.66637338896066467 0 0 0 1
1671108894.0699816 74.475026768581671 40.51296100706206 0.66056346165316882 0 0 0 1
1671108894.1606231 74.525821336804199 40.565350248895093 0.68022628511209859 0 0 0 1
1671108894.260359 74.584065572810118 40.612329353920003 0.6622033977191677 0 0 0 1
1671108894.3516855 74.670197025421842 40.651576245589297 0.66454718116563072 0 0 0 1
1671108894.4639614 74.729713445211658 40.697800718788152 0.67267417359857973 0 0 0 1
1671108894.5604489 74.776209479728138 40.758908858946768 0.70193555515538719 0 0 0 1
1671108894.659621 74.871747426757537 40.796168864430804 0.6723525242452979 0 0 0 1
1671108894.762198 74.964013280604291 40.881488616972703 0.68045471680500214 0 0 0 1
1671108894.8600602 75.03150413073655 40.921106634938369 0.66857139493913564 0 0 0 1
1671108894.9701893 75.092594788435264 40.984352826633142 0.7050616943552086 0 0 0 1
1671108895.0747311 75.168430851487003 41.019275222438559 0.695507753667016 0 0 0 1
1671108895.1609561 75.28109037825871 41.037825365672205 0.67833591908902235 0 0 0 1
1671108895.2591295 75.349470825819381 41.097199836147745 0.6752287724884809 0 0 0 1
1671108895.3576145 75.411880705461883 41.136967583217448 0.680635409194565 0 0 0 1
1671108895.4614682 75.489303362392192 41.185614754705561 0.67911330573156192 0 0 0 1
1671108895.5605621 75.598513192642812 41.278761824464858 0.70001129759350533 0 0 0 1
1671108895.6653225 75.676246520724959 41.321992655384243 0.66804574954937834 0 0 0 1
1671108895.7617877 75.718761359270474 41.369019062307338 0.68362805497974932 0 0 0 1
1671108895.8577852 75.777780220805809 41.417402422341617 0.69621536691863639 0 0 0 1
1671108895.9673615 75.885055212534169 41.439941136798566 0.65164806618645343 0 0 0 1
1671108896.0639679 75.961410596810069 41.499118258267821 0.6713957144924052 0 0 0 1
1671108896.1610141 76.03042638736818 41.521192129477257 0.64776441342314683 0 0 0 1
1671108896.265291 76.094386067890838 41.572141305316087 0.64163068749792274 0 0 0 1
1671108896.3597012 76.191798364410175 41.68456499001703 0.66166041888891414 0 0 0 1
1671108896.4608574 76.274862787433563 41.71235424064546 0.68257854407841023 0 0 0 1
1671108896.5584292 76.328705153348636 41.768772057460311 0.68112412852156012 0 0 0 1
1671108896.6595085 76.393089457066822 41.820399890709488 0.70080163596367129 0 0 0 1
1671108896.7682271 76.470942491356908 41.863326110065714 0.70681787886519487 0 0 0 1
1671108896.8671949 76.5621038782445 41.912711683642868 0.72302012659952197 0 0 0 1
1671108896.9744601 76.630533458973801 41.940029346173631 0.73509649631716911 0 0 0 1
1671108897.0709667 76.704560478034097 41.972716841446648 0.72504648945948702 0 0 0 1
1671108897.162693 76.790490699211148 42.06298631869182 0.72987787997567466 0 0 0 1
1671108897.2731981 76.897120716589697 42.130627357812664 0.74783824110556907 0 0 0 1
1671108897.3597679 76.952547960561716 42.164011750951829 0.76150650776241946 0 0 0 1
1671108897.4621804 77.021089700885668 42.204293694910163 0.76024434623968773 0 0 0 1
1671108897.5600286 77.09902002061672 42.249114338758538 0.76767233236012089 0 0 0 1
1671108897.661217 77.178101133701034 42.288588068278266 0.79255429660395293 0 0 0 1
1671108897.7603922 77.241591025894579 42.320108651251765 0.78002938303870906 0 0 0 1
1671108897.869972 77.294956103475641 42.351000758580447 0.77331269099715882 0 0 0 1
1671108897.9741721 77.373337573699843 42.399061134943146 0.80394466847394597 0 0 0 1
1671108898.0776467 77.465214816856019 42.464285736647362 0.80751174044382878 0 0 0 1
1671108898.1652999 77.528474499030651 42.493888662062687 0.80222403898449102 0 0 0 1
1671108898.2712805 77.583100150950557 42.53665634352182 0.81168306164613568 0 0 0 1
1671108898.3649802 77.646343857498621 42.591992636016712 0.83064289319599993 0 0 0 1
1671108898.4653935 77.751072584143714 42.636164102316471 0.81520942214569914 0 0 0 1
1671108898.5644352 77.814949691935269 42.686099090391885 0.8101216443692465 0 0 0 1
1671108898.664382 77.864294202074674 42.728708310371417 0.81168132601885645 0 0 0 1
1671108898.761996 77.928336385020827 42.804291387882976 0.80118674520281274 0 0 0 1
1671108898.8646774 78.022871106467122 42.899112017585502 0.82497280518168736 0 0 0 1
1671108898.9781814 78.077279090771469 42.953272582418599 0.82223492939897369 0 0 0 1
1671108899.0730827 78.109801605047565 43.012954696087128 0.82627250743814784 0 0 0 1
1671108899.1666374 78.156675319396456 43.070869488217376 0.83899207355204908 0 0 0 1
1671108899.2730379 78.21823534278866 43.120524701624738 0.82411291317225732 0 0 0 1
1671108899.3663633 78.288567298094563 43.168226351570517 0.80903459834019031 0 0 0 1
1671108899.4578898 78.335897501574976 43.221609274462971 0.81956579788027284 0 0 0 1
1671108899.5660543 78.397595081407914 43.282389491161723 0.8067348954867839 0 0 0 1
1671108899.6667893 78.492901564731042 43.361990521622161 0.81225437554303426 0 0 0 1
1671108899.7631438 78.594158447168454 43.422082738803773 0.81683197060215207 0 0 0 1
1671108899.8633566 78.652571087275732 43.475700095580535 0.81116477455032054 0 0 0 1
1671108899.9694819 78.714029546982843 43.520701717929107 0.82780898762644028 0 0 0 1
1671108900.0716529 78.813649251982397 43.557452750398213 0.82472869650121083 0 0 0 1
1671108900.1674521 78.890167450509807 43.598226135185257 0.81359411311984786 0 0 0 1
1671108900.2640464 78.945739987919353 43.662533806888909 0.84691242392455024 0 0 0 1
1671108900.36251 79.009573080778168 43.711306885061809 0.85669249497459532 0 0 0 1
1671108900.4668818 79.108758307667429 43.806128643062067 0.85300461921633541 0 0 0 1
1671108900.5614245 79.19257640218305 43.858130840832828 0.8442048338032464 0 0 0 1
1671108900.6692553 79.234146883152917 43.915233909352281 0.86458503189146541 0 0 0 1
1671108900.7615867 79.288263368163243 43.981372226159301 0.89343011802736783 0 0 0 1
1671108900.8611038 79.342820315330286 44.031068126658525 0.88197628232023817 0 0 0 1
1671108900.9680328 79.434621901180122 44.086855368224136 0.87664775648602244 0 0 0 1
1671108901.0650408 79.491992524863846 44.131888366258849 0.86736293393175856 0 0 0 1
1671108901.1649227 79.552068747260776 44.185205058503513 0.87742142378579047 0 0 0 1
1671108901.2675395 79.619060362025607 44.250004318240123 0.9054110741956265 0 0 0 1
1671108901.3626671 79.723517747910947 44.343451334341047 0.87611818206983116 0 0 0 1
1671108901.4680495 79.779990117640736 44.378169603577973 0.8574366181072719 0 0 0 1
1671108901.5622845 79.831200218838006 44.439355482458154 0.89029614864421092 0 0 0 1
1671108901.6614847 79.887770268744987 44.485267817774179 0.89074442018295485 0 0 0 1
1671108901.7593987 79.974445530957851 44.531746035426323 0.89230646934117885 0 0 0 1
1671108901.8614256 80.039666067839747 44.572742038611032 0.85934423142975902 0 0 0 1
1671108901.9693649 80.078407992359104 44.599000231985784 0.83738150095223318 0 0 0 1
1671108902.0699387 80.151045313602992 44.674473070679824 0.86997631561109756 0 0 0 1
1671108902.1651976 80.239036306078432 44.769567835036462 0.87548895989414177 0 0 0 1
1671108902.2757459 80.315829570088894 44.819405513733685 0.86892861360593088 0 0 0 1
1671108902.3665261 80.354671408829461 44.861161460833436 0.85522585973410514 0 0 0 1
1671108902.4697559 80.486516045228029 44.762347442789526 0.68303546871948129 0 0 0 1
1671108902.563906 80.541300276353525 44.815749729206956 0.68273347802448825 0 0 0 1
1671108902.6651273 80.621678025259953 44.855578623819824 0.67227121290318337 0 0 0 1
1671108902.7617049 80.674509206612669 44.893913551821868 0.66052208389646694 0 0 0 1
1671108902.861562 80.721287398200971 44.932912749561268 0.65368304313369663 0 0 0 1
1671108902.9699049 80.780800590160595 44.984761166491538 0.65447702191977442 0 0 0 1
1671108903.0675807 80.875933886095069 45.073723810452655 0.63255565495569499 0 0 0 1
1671108903.1631415 80.941714137107084 45.108265883316299 0.63772554343950105 0 0 0 1
1671108903.268254 80.986993758362502 45.141292034686394 0.64113371113455742 0 0 0 1
1671108903.3682771 81.03980285364652 45.184285630014493 0.66280613816331879 0 0 0 1
1671108903.4745502 81.107186923901139 45.230049692181012 0.68221641765433105 0 0 0 1
1671108903.566869 81.17086035845108 45.278706528204161 0.68199139789976471 0 0 0 1
1671108903.6649566 81.216933677557137 45.312383081679847 0.6670263408724395 0 0 0 1
1671108903.7622495 81.278492951264852 45.350369880361669 0.6731361739048225 0 0 0 1
1671108903.8643775 81.352300468391988 45.409537324425571 0.68147385881798073 0 0 0 1
1671108903.9759092 81.435697502490882 45.491078295385897 0.66018853662706078 0 0 0 1
1671108904.0688112 81.49143683482653 45.525614769661942 0.66001606227519005 0 0 0 1
1671108904.1679039 81.53221928126311 45.572318903998436 0.67506507585858344 0 0 0 1
1671108904.2640285 81.587371793120738 45.630023443155558 0.68979214965213487 0 0 0 1
1671108904.3644886 81.664548188568162 45.676048560383173 0.68566436819787668 0 0 0 1
1671108904.4750781 81.728555161622069 45.718746430833392 0.66411347480050154 0 0 0 1
1671108904.5830586 81.778221860721501 45.751466311039842 0.66932994280080038 0 0 0 1
1671108904.6680081 81.845141374639013 45.797349752361662 0.66951200456685456 0 0 0 1
1671108904.7658877 81.920300655072978 45.871718310273643 0.67595231801442424 0 0 0 1
1671108904.8664558 82.000246308428089 45.926342455990728 0.67259336491019894 0 0 0 1
1671108904.9705532 82.045142955451212 45.958519881456546 0.6850126806004937 0 0 0 1
1671108905.0715151 82.100889671665684 46.010583382152731 0.70162841039245905 0 0 0 1
1671108905.1651514 82.161656369284586 46.066669764056421 0.70684853504349121 0 0 0 1
1671108905.2645767 82.244123503896034 46.120173055509738 0.69594672155449189 0 0 0 1
1671108905.3618233 82.298172635797513 46.163983363841247 0.72417035743148972 0 0 0 1
1671108905.4624615 82.342686222481262 46.200288812954952 0.71711873677543281 0 0 0 1
1671108905.5650356 82.404271700387582 46.267936655780829 0.7188206986967316 0 0 0 1
1671108905.666687 82.487825450935432 46.357415397147292 0.732810353655168 0 0 0 1
1671108905.7603428 82.547725526704369 46.399588061359857 0.74502070042888136 0 0 0 1
1671108905.86238 82.595578416694465 46.436288613901112 0.74746293732744107 0 0 0 1
1671108905.970438 82.663950796259584 46.470153536119874 0.72696040088771952 0 0 0 1
1671108906.0722277 82.71732854658957 46.634325818929355 0.65305797995483772 0 0 0 1
1671108906.1663105 82.780560194197861 46.693391196826596 0.66997958663853296 0 0 0 1
1671108906.2613304 82.828034073250834 46.733931064471243 0.67036700485493839 0 0 0 1
1671108906.360285 82.895101464607976 46.770518087818161 0.65153626475898818 0 0 0 1
1671108906.4651592 82.963520220335511 46.834365919073505 0.6504123956389094 0 0 0 1
1671108906.5630209 83.036768300613105 46.906061671716081 0.67985228962709243 0 0 0 1
1671108906.6686482 83.094375032255115 46.939961182909961 0.66903820855884533 0 0 0 1
1671108906.7633827 83.135503239659883 46.995804103877163 0.68925117382332246 0 0 0 1
1671108906.8635569 83.199923314941216 47.034941752435593 0.66782686522719814 0 0 0 1
1671108906.971622 83.260413651521148 47.100346689124187 0.69154892662368184 0 0 0 1
1671108907.0705583 83.326460398387724 47.143412888990156 0.69823001642350846 0 0 0 1
1671108907.1761439 83.377238591257296 47.170954726824661 0.69125811510514268 0 0 0 1
1671108907.2629626 83.445503652973073 47.220146583371985 0.69063221435544619 0 0 0 1
1671108907.3646824 83.516212401761535 47.305627453102801 0.6862139029951777 0 0 0 1
1671108907.4700842 83.601803947239361 47.250165728381965 0.73254610101787421 0 0 0 1
1671108907.5639348 83.648057019200749 47.300561741511046 0.75116862107608995 0 0 0 1
1671108907.6649759 83.697229983515655 47.341973144880264 0.76921665695306274 0 0 0 1
1671108907.7676156 83.755515680471177 47.38633105487235 0.77540362303670918 0 0 0 1
1671108907.8699563 83.729689540093389 47.574591699625913 0.92306233532804072 0 0 0 1
1671108907.9706533 83.782473928177879 47.616300257282518 0.93685328970468618 0 0 0 1
1671108908.0630527 83.839665566860177 47.66601572656144 0.94880635007882574 0 0 0 1
1671108908.162935 83.911481572002913 47.71198691662741 0.94428884876390384 0 0 0 1
1671108908.2581329 84.003246446221567 47.790768172960135 0.93676177685836137 0 0 0 1
1671108908.3631837 84.0434754825136 47.851287790555567 0.98332422809926356 0 0 0 1
1671108908.4663842 84.116128156095243 47.876738757690688 0.94647295853826563 0 0 0 1
1671108908.5631099 84.200597637172521 47.888293909610638 0.92338675173436968 0 0 0 1
1671108908.6600106 84.251080418011185 47.952985382324975 0.95609424485769523 0 0 0 1
1671108908.7603714 84.337967515467994 48.003397228892581 0.92518954688898702 0 0 0 1
1671108908.867646 84.388932815052726 48.047227732761385 0.95534341543577739 0 0 0 1
1671108908.9713595 84.465378286284135 48.085493402775924 0.94283537146577601 0 0 0 1
1671108909.0663648 84.550966080179577 48.172086771522039 0.97579700499238697 0 0 0 1
1671108909.162029 84.636276797320406 48.226735057528373 0.95590434986365835 0 0 0 1
1671108909.2630236 84.685939918631547 48.264066242699016 0.97575511238005674 0 0 0 1
1671108909.3612106 84.757661256554599 48.314903667726291 0.98198907369271637 0 0 0 1
1671108909.4686651 84.835114600781012 48.363016747363993 0.9696635917803178 0 0 0 1
1671108909.5623832 84.911663281211517 48.41460428499343 0.97616897184434492 0 0 0 1
1671108909.664696 85.078331229409557 48.317313570642007 0.84011274626436716 0 0 0 1
1671108909.7612371 85.158938114761426 48.345069391964451 0.82946507021006255 0 0 0 1
1671108909.8633215 85.237157306335874 48.411520436677861 0.83436582360093325 0 0 0 1
1671108909.9740551 85.339222140899039 48.478331004829343 0.80835720334073358 0 0 0 1
1671108910.0704927 85.39587154992644 48.523544907762123 0.82857140389432971 0 0 0 1
1671108910.165365 85.457651876284572 48.556259641718967 0.84429348899709566 0 0 0 1
1671108910.266983 85.525666631065079 48.611364188750947 0.85983962177078865 0 0 0 1
1671108910.3658488 85.624451474294261 48.646402056900328 0.85470133923001868 0 0 0 1
1671108910.4714556 85.683708428200376 48.680904226554809 0.84559492495782251 0 0 0 1
1671108910.5661995 85.732075513279014 48.724324202458227 0.84376329383292159 0 0 0 1
1671108910.673034 85.82337197293181 48.776245942116837 0.83867259330918387 0 0 0 1
1671108910.768635 85.913309367556153 48.865828832362084 0.85974015230021905 0 0 0 1
1671108910.8636708 85.970879189283735 48.902483514559698 0.86221447193872791 0 0 0 1
1671108910.9703009 86.010589045756788 48.952644972340863 0.86011695469835558 0 0 0 1
1671108911.0730612 86.064708501856046 48.997850032159739 0.85533551049604739 0 0 0 1
1671108911.1669099 86.138663043251825 49.04310944734641 0.87002621143244596 0 0 0 1
1671108911.265847 86.217648022136359 49.091268922597529 0.86126726490078909 0 0 0 1
1671108911.3695419 86.283166064477967 49.12405204954937 0.87565995444754208 0 0 0 1
1671108911.4715388 86.36436945774831 49.161137959068931 0.876875217138263 0 0 0 1
1671108911.5616131 86.458435737769662 49.223784453816506 0.86044474247864855 0 0 0 1
1671108911.6635356 86.551179515088805 49.311501479069641 0.89881630262664203 0 0 0 1
1671108911.7603984 86.630946798831545 49.344734082513504 0.87982408629147812 0 0 0 1
1671108911.8633046 86.703623268773697 49.394895696615386 0.8935511447745057 0 0 0 1
1671108911.9721119 86.789814694565294 49.457241370242023 0.90282733335300236 0 0 0 1
1671108912.0689023 86.884419129560143 49.508536451651736 0.93284027970605621 0 0 0 1
1671108912.1679857 86.962138710529928 49.54355044026984 0.91176869602350052 0 0 0 1
1671108912.2690115 87.028400895707904 49.594802473689036 0.88822995458781406 0 0 0 1
1671108912.3697331 87.120964484106565 49.689945365252896 0.8954811098205937 0 0 0 1
1671108912.4728646 87.196735495241185 49.759424575394583 0.9114949737245297 0 0 0 1
1671108912.5642841 87.256075139584397 49.800747259517358 0.89551936019631739 0 0 0 1
1671108912.6717541 87.298853021011936 49.866769787451069 0.90592062033454113 0 0 0 1
1671108912.7630038 87.359257461443804 49.913412341882207 0.88617279619802503 0 0 0 1
1671108912.8634331 87.429076099321321 49.97495500067803 0.90227290665109194 0 0 0 1
1671108912.9712324 87.511520874533375 50.013299888293915 0.87738102426169462 0 0 0 1
1671108913.0652981 87.581575536632016 50.060891817050205 0.86621858390253692 0 0 0 1
1671108913.1601863 87.656017786107341 50.139842814085988 0.87398082750951289 0 0 0 1
1671108913.2710178 87.65842194608463 50.361853864469403 1.0209259297429298 0 0 0 1
1671108913.3659995 87.717414869642298 50.385260121769356 1.0147937189576623 0 0 0 1
1671108913.4649072 87.771890568863171 50.443919748331425 1.0139629323224426 0 0 0 1
1671108913.5626159 87.83302405890484 50.501291788899366 1.0101287770107774 0 0 0 1
1671108913.6640236 87.917741355342159 50.54254957190485 1.0317960126319576 0 0 0 1
1671108913.7654774 87.996882250432861 50.578201101964964 1.0156058528228868 0 0 0 1
1671108913.8636615 88.045354088318106 50.643189701617267 1.0201555137867899 0 0 0 1
1671108913.9713676 88.112026390415053 50.683349550783554 1.0214745230648532 0 0 0 1
1671108914.0659325 88.216373344376962 50.765763434056041 1.0080818518204069 0 0 0 1
1671108914.1619523 88.287094390677098 50.829856872104976 1.0314042461823192 0 0 0 1
1671108914.267447 88.352823813238146 50.882875741208011 1.0378534393616974 0 0 0 1
1671108914.3758354 88.420850426305279 50.926016462216467 1.0348510961423472 0 0 0 1
1671108914.4740736 88.64106260140025 50.776757171650615 0.84162804933316693 0 0 0 1
1671108914.5687637 88.741877102046217 50.829151754664927 0.84032357008209146 0 0 0 1
1671108914.6814344 88.797645993596348 50.874763244594106 0.84271377161223882 0 0 0 1
1671108914.7734251 88.872116618116436 50.936629474403759 0.84202096990622977 0 0 0 1
1671108914.8682187 88.974408178917017 51.026253710540175 0.86920633001864189 0 0 0 1
1671108914.9727457 89.070253325166362 51.073800707011202 0.87161732235824729 0 0 0 1
1671108915.0738871 89.13091219145339 51.127849110523279 0.88204844096992474 0 0 0 1
1671108915.1659722 89.191821600087664 51.171245700659746 0.87509578027845691 0 0 0 1
1671108915.2704775 89.283231109634826 51.225517054784525 0.85901676101241264 0 0 0 1
1671108915.3745134 89.364079614587482 51.288170806379519 0.89406232899898441 0 0 0 1
1671108915.4855788 89.4396990314589 51.312309381460537 0.85769146749589709 0 0 0 1
1671108915.5720372 89.494451054590016 51.373026203673398 0.86813313389370705 0 0 0 1
1671108915.674304 89.574156330182092 51.422157780485435 0.87928111233316031 0 0 0 1
1671108915.7707741 89.674420657203427 51.503030024020717 0.86660325954107975 0 0 0 1
1671108915.8662202 89.747427198457487 51.534499027726838 0.85905270275520706 0 0 0 1
1671108915.9749169 89.802678597571244 51.593546051346415 0.8788047225768878 0 0 0 1
1671108916.0653341 89.857968672189358 51.648971655256368 0.87759076206998543 0 0 0 1
1671108916.1701536 89.956095895178919 51.693065330012644 0.88616074976266646 0 0 0 1
1671108916.2664177 90.020657287963033 51.735255273295202 0.88981829183148875 0 0 0 1
1671108916.3637297 90.086322300065149 51.776095747019255 0.88376304986422838 0 0 0 1
1671108916.4678059 90.158364656998032 51.82801208597138 0.87873073727666906 0 0 0 1
1671108916.5677788 90.256778456959054 51.929965969041987 0.88133728597267691 0 0 0 1
1671108916.6704533 90.32490534131523 51.979557258269502 0.92026730862073691 0 0 0 1
1671108916.7711692 90.375952794155353 52.031103111357559 0.92834537360613467 0 0 0 1
1671108916.8671885 90.439708357471503 52.08425705952488 0.93159763034748266 0 0 0 1
1671108916.9735024 90.516767810826963 52.122798702771853 0.93789409642192823 0 0 0 1
1671108917.0667937 90.586742750417542 52.167334180764371 0.93185188824941179 0 0 0 1
1671108917.1715069 90.645167824701844 52.194366993298289 0.92595392342661853 0 0 0 1
1671108917.2694986 90.713064481659714 52.239817409475855 0.9174951688580677 0 0 0 1
1671108917.3656447 90.78951437990051 52.318478695557189 0.91063963190401864 0 0 0 1
1671108917.4659696 90.86782910055534 52.37116878586059 0.92618433491077212 0 0 0 1
1671108917.564863 90.920662436164761 52.406023144347571 0.91939424295310346 0 0 0 1
1671108917.6759701 90.97188540207442 52.44904232908209 0.9265770349416016 0 0 0 1
1671108917.7730553 91.026987848595112 52.489302102848029 0.92245778818380586 0 0 0 1
1671108917.873637 91.111589515085839 52.5310647635606 0.92066999710971231 0 0 0 1
1671108917.9743991 91.171520591770204 52.566465568865397 0.91905128549478832 0 0 0 1
1671108918.071815 91.227009671678729 52.603055683233286 0.933148236643774 0 0 0 1
1671108918.1720965 91.289288445801077 52.650317444402368 0.93663844062461976 0 0 0 1
1671108918.2762692 91.378062853046956 52.729185050100469 0.93246025358666884 0 0 0 1
1671108918.3717062 91.457669678238034 52.755812915559915 0.93169984117980675 0 0 0 1
1671108918.4728706 91.504488032060124 52.789120431618386 0.93092031480091464 0 0 0 1
1671108918.5704577 91.56266186645091 52.834661100486954 0.94364001923349861 0 0 0 1
1671108918.6757729 91.631533203312912 52.888562045031101 0.94548195472600582 0 0 0 1
1671108918.7793653 91.709147462695455 52.930508910403155 0.93678839707251882 0 0 0 1
1671108918.8824883 91.766714664082158 52.962046873264121 0.9470749412701025 0 0 0 1
1671108918.9806511 91.834483807527675 52.990936447454537 0.957570253758945 0 0 0 1
1671108919.0742745 91.919606293031606 53.050346533446984 0.9520468030898428 0 0 0 1
1671108919.1727612 92.005642226832606 53.110853428734735 0.96435365861941591 0 0 0 1
1671108919.2748761 92.071135202536908 53.14312916652495 0.97151250231058839 0 0 0 1
1671108919.3761663 92.132393168644256 53.188723067558087 0.97174789265864092 0 0 0 1
1671108919.4805501 92.199176627859956 53.241546135578503 0.95390004463263267 0 0 0 1
1671108919.5761523 92.293496973508709 53.277227687796483 0.95363668673064694 0 0 0 1
1671108919.6677563 92.363612899603311 53.320599580198127 0.96457972285804772 0 0 0 1
1671108919.7738287 92.42902158833482 53.352824117188703 0.95531214457344049 0 0 0 1
1671108919.8771358 92.505220234042525 53.404219661338168 0.94736299409601088 0 0 0 1
1671108919.9818645 92.592950800026941 53.501957632320178 0.98151413359732942 0 0 0 1
1671108920.0786147 92.662686846213987 53.557743057160209 0.99741005737575961 0 0 0 1
1671108920.1734531 92.716534211079008 53.609349002023301 1.0084905921295331 0 0 0 1
1671108920.2771807 92.786312439461142 53.644034328747146 1.0070208067558042 0 0 0 1
1671108920.3718503 92.890118997295801 53.675811647181817 0.99630541999124489 0 0 0 1
1671108920.4761446 92.961362431495772 53.717833715554988 0.99833212019268558 0 0 0 1
1671108920.5768254 93.030398916979905 53.737410568431372 0.97556683158961732 0 0 0 1
1671108920.6768918 93.105851070471161 53.795111697088736 0.96471718797181438 0 0 0 1
1671108920.7801003 93.204660134276423 53.87485855346165 0.98194071369789526 0 0 0 1
1671108920.8832841 93.289169697010252 53.917179165177906 0.98883072866851762 0 0 0 1
1671108920.9808228 93.342907656916921 53.951046419873371 0.98535089655490538 0 0 0 1
1671108921.0720508 93.412995593473653 54.005528330630298 0.98773239468550855 0 0 0 1
1671108921.1731601 93.482707317178082 54.050934343680296 0.98489860579218202 0 0 0 1
1671108921.2750015 93.574125608856505 54.095687477222874 0.97339894743583955 0 0 0 1
1671108921.3724592 93.634327579965813 54.139988922590014 0.98125286983884052 0 0 0 1
1671108921.4727523 93.697852871645154 54.169195740693127 0.97303223962421725 0 0 0 1
1671108921.5757284 93.772514422400477 54.233919508516827 0.96731291321009394 0 0 0 1
1671108921.6709983 93.870716770254504 54.2997045921188 0.98162026025136129 0 0 0 1
1671108921.7721467 93.932276018683069 54.338924388152471 0.96790159200452308 0 0 0 1
1671108921.8687127 93.981907452592139 54.394981684079731 0.98015960163991167 0 0 0 1
1671108921.9661882 94.040915470166368 54.436713992430377 0.9684395394101557 0 0 0 1
1671108922.0719323 94.129402053073221 54.477989514485593 0.97493491998397985 0 0 0 1
1671108922.1701736 94.194436601051933 54.52923632832119 0.98186443437271009 0 0 0 1
1671108922.2678514 94.250174272864058 54.570545842088407 0.97697763815597227 0 0 0 1
1671108922.3760946 94.3220422045204 54.618402061315614 0.98038392506794025 0 0 0 1
1671108922.4689279 94.423642295522825 54.707488426957191 0.97857503549130342 0 0 0 1
1671108922.5674918 94.492835055070941 54.750251165678591 0.98284221131939375 0 0 0 1
1671108922.6696846 94.548212485707467 54.789694316533328 0.99145728112250708 0 0 0 1
1671108922.7687483 94.621809725417634 54.827381389948016 0.99129578160591336 0 0 0 1
1671108922.8711433 94.699786252256857 54.865443603186776 0.979356338302523 0 0 0 1
1671108922.9666946 94.767766136043576 54.929945715741489 0.99269260973665041 0 0 0 1
1671108923.0703351 94.827726234760704 54.970197185338023 0.98903699457707717 0 0 0 1
1671108923.1757066 94.911303413541589 55.000589132466814 0.96042969588620508 0 0 0 1
1671108923.2761431 94.989534456292901 55.075420792781955 0.98004876729305579 0 0 0 1
1671108923.3697495 95.082177871476077 55.116374439621588 0.98441071737306629 0 0 0 1
1671108923.4753816 95.146010243089435 55.168415091216197 0.98742677518430355 0 0 0 1
1671108923.5674925 95.202255332810637 55.220051734330966 0.99765967644316333 0 0 0 1
1671108923.6706009 95.266694606808898 55.269236987869746 0.99157558676199642 0 0 0 1
1671108923.7723575 95.358578183969612 55.312513110504788 0.99513956621080979 0 0 0 1
1671108923.8703272 95.430379753933394 55.345896188056315 0.993154703381947 0 0 0 1
1671108923.9811745 95.496532982857744 55.379347616103971 1.0018677143717696 0 0 0 1
1671108924.067342 95.572084748010496 55.444199388205888 1.0046315018613541 0 0 0 1
1671108924.1683919 95.674853397281865 55.520507661789424 0.99417967187832801 0 0 0 1
1671108924.2721827 95.75239974267464 55.553438835319568 0.99233358423907703 0 0 0 1
1671108924.3664422 95.805392636266362 55.603427032366156 0.99948559632105116 0 0 0 1
1671108924.4712365 95.875804129226623 55.636959338956302 0.98503714640980888 0 0 0 1
1671108924.5708146 95.966434345293138 55.685702141989175 0.98392499581007087 0 0 0 1
1671108924.6695273 96.035314378969318 55.744773911205073 1.0009130787444747 0 0 0 1
1671108924.7658198 96.090249242170728 55.776974326407483 0.99934664174747923 0 0 0 1
1671108924.8805404 96.159076072736724 55.840632327066317 1.0018640516991582 0 0 0 1
1671108924.9797392 96.267909374145788 55.916304794153291 0.98007652465207684 0 0 0 1
1671108925.0727768 96.338467035043834 55.975975805833336 0.99307387365706745 0 0 0 1
1671108925.1702991 96.388054195698942 56.023566932339904 0.99497800968401862 0 0 0 1
1671108925.2707582 96.446711006230245 56.070745603283086 0.99373012063006172 0 0 0 1
1671108925.3797963 96.535743335752343 56.115369587625558 0.99416037331423013 0 0 0 1
1671108925.4793658 96.59974492276946 56.199168872904998 1.008792794106057 0 0 0 1
1671108925.5726924 96.657086181572097 56.238623973044042 0.99051758113012056 0 0 0 1
1671108925.6704154 96.740978088016846 56.293000467464161 0.99783704770368331 0 0 0 1
1671108925.7736685 96.835631330711379 56.385402594064281 1.002496691950455 0 0 0 1
1671108925.8681922 96.924301711925935 56.435100619908553 1.0202009104871195 0 0 0 1
1671108925.9654601 96.983215597092283 56.477811444332147 1.0111537998999438 0 0 0 1
1671108926.0666525 97.053318054145066 56.531084635041722 1.0329417144577064 0 0 0 1
1671108926.1690664 97.139742927265459 56.566998898934806 1.0332873280627837 0 0 0 1
1671108926.2700243 97.218192032618887 56.618467912212459 1.0550235288604881 0 0 0 1
1671108926.3704336 97.290223079506518 56.663182543533438 1.0447589170761375 0 0 0 1
1671108926.4795656 97.378135202644856 56.687086043359379 1.0183565370682572 0 0 0 1
1671108926.5759141 97.467099133133701 56.77596531434984 1.0456042795168514 0 0 0 1
1671108926.6695366 97.54747705741417 56.83860365213225 1.050345092629982 0 0 0 1
1671108926.7740779 97.612003691380679 56.875706716308741 1.028955934326973 0 0 0 1
1671108926.867172 97.677337128852017 56.927950503725619 1.027156259742128 0 0 0 1
1671108926.9657593 97.748700894128675 56.97602062693975 1.0401327712124839 0 0 0 1
1671108927.0668733 97.829421823951066 57.029011940829605 1.057006390607512 0 0 0 1
1671108927.1677008 97.888013746879665 57.073504511600696 1.0490018055345445 0 0 0 1
1671108927.2778647 97.953400227886604 57.114917888150288 1.045357972745478 0 0 0 1
1671108927.3670521 98.05123328621282 57.170053887688105 1.052973841884068 0 0 0 1
1671108927.4801054 98.157113659382148 57.245145705091645 1.0461976680018097 0 0 0 1
1671108927.5724001 98.226282697617208 57.265436177860792 1.0341395770250301 0 0 0 1
1671108927.6657937 98.291343172513962 57.320018829812128 1.0456544736846354 0 0 0 1
1671108927.7705979 98.356862841410234 57.359549842026283 1.0465895216127592 0 0 0 1
1671108927.8653526 98.443822815467996 57.428428237916435 1.0830829573236542 0 0 0 1
1671108927.9664266 98.507720289556744 57.458372743671966 1.0598725733900665 0 0 0 1
1671108928.0679371 98.575987794659412 57.49725041438797 1.0422059309813676 0 0 0 1
1671108928.1695402 98.63700700797844 57.576706639846961 1.0632726609991323 0 0 0 1
1671108928.2738643 98.737714762715612 57.663019368932517 1.0822689630700779 0 0 0 1
1671108928.3687282 98.813711058386701 57.691091476669747 1.0602254510904459 0 0 0 1
1671108928.4798234 98.868200373584386 57.73561775627401 1.0381591331301934 0 0 0 1
1671108928.5707738 98.90964841740923 57.791102244696511 1.0470288257224638 0 0 0 1
1671108928.6703656 98.989638011439595 57.853362399629432 1.0422513468347461 0 0 0 1
1671108928.7697799 99.065234652595791 57.897449571658385 1.0319380663172524 0 0 0 1
1671108928.8652842 99.115772763152279 57.942144383496618 1.0279429371703372 0 0 0 1
1671108928.9640396 99.191697728199827 57.997821902666153 1.0276750685474099 0 0 0 1
1671108929.0645578 99.28247854632329 58.078473339166734 1.0292668475391338 0 0 0 1
1671108929.1650221 99.371334635210602 58.111549970598752 1.0097813200094379 0 0 0 1
1671108929.2656801 99.425544990357722 58.15183794792005 1.0111166233739368 0 0 0 1
1671108929.3693788 99.482743376200503 58.194981777914293 1.0414637977156644 0 0 0 1
1671108929.462456 99.557859727914774 58.24307772930603 1.0327057056731519 0 0 0 1
1671108929.5659032 99.651777613854065 58.292800663904686 1.0377452653792716 0 0 0 1
1671108929.6649179 99.703780789613191 58.332136650874979 1.0521478210499708 0 0 0 1
1671108929.7667227 99.772532147726551 58.369650669748289 1.0612793535725586 0 0 0 1
1671108929.8645134 99.853274095573965 58.434608877891456 1.0520896335409589 0 0 0 1
1671108929.9615567 99.956162975595433 58.502022378936225 1.0887081892956303 0 0 0 1
1671108930.0629849 100.02290087943079 58.54070294317097 1.094483950404765 0 0 0 1
1671108930.1623361 100.07588714435801 58.599849618298173 1.0932547121936977 0 0 0 1
1671108930.2604575 100.14210032671292 58.636433561349385 1.0690250553299165 0 0 0 1
1671108930.3685677 100.23946920946906 58.667884172703154 1.1469457666081553 0 0 0 1
1671108930.4576049 100.30482842376355 58.727436425148142 1.1413805101564094 0 0 0 1
1671108930.5633419 100.36815575291702 58.764330425783243 1.1542039697795872 0 0 0 1
1671108930.6636763 100.4457328148349 58.804042107207799 1.1397558336582279 0 0 0 1
1671108930.7668831 100.54183573721544 58.891030366887172 1.1454546325073807 0 0 0 1
1671108930.8659568 100.61577404861332 58.936235903712145 1.125546890058672 0 0 0 1
1671108930.9583786 100.6552700388215 58.984843429799625 1.1459221831732975 0 0 0 1
1671108931.0597627 100.71863311030911 59.033319462412507 1.1468337101358657 0 0 0 1
1671108931.1613619 100.8172512344496 59.06936509563527 1.1158838321101712 0 0 0 1
1671108931.2626517 100.88536341029612 59.109747150812836 1.1343054409078377 0 0 0 1
1671108931.3619885 100.93103653612563 59.135767661218736 1.1358083075448349 0 0 0 1
1671108931.4654455 100.9980349201702 59.176350939770003 1.1780543525235316 0 0 0 1
1671108931.563843 101.0826940200772 59.24865962513946 1.1599023081109863 0 0 0 1
1671108931.6630371 101.1504818629766 59.295298069247387 1.1639261457681869 0 0 0 1
1671108931.7634537 101.21027634145766 59.322856783284166 1.1515068973352527 0 0 0 1
1671108931.8627868 101.26187458568141 59.367203046176243 1.1809329109909186 0 0 0 1
1671108931.9704633 101.32210674403383 59.420261156471547 1.1914536438922596 0 0 0 1
1671108932.0703933 101.40275524122018 59.472258423570501 1.2046448262485683 0 0 0 1
1671108932.1677084 101.46714419156029 59.51141434114075 1.1525220131894685 0 0 0 1
1671108932.2680926 101.52073783285628 59.558446202798848 1.1046460275798609 0 0 0 1
1671108932.3660896 101.58837249364652 59.606731361783339 1.1162162620804565 0 0 0 1
1671108932.4651568 101.67782991955804 59.676801367975955 1.1539563958491499 0 0 0 1
1671108932.5667841 101.74083887453169 59.729861146586011 1.128757030736665 0 0 0 1
1671108932.6648228 101.79469156144567 59.776823489498632 1.1293751022840297 0 0 0 1
1671108932.7654088 101.84959937122737 59.815646628684384 1.1206525088452963 0 0 0 1
1671108932.8641741 101.92272661089561 59.85499734077127 1.1146527336101144 0 0 0 1
1671108932.9607325 101.98234206250665 59.897102516530765 1.1373423190858603 0 0 0 1
1671108933.0669143 102.03820587564782 59.926995788774605 1.1248938682375638 0 0 0 1
1671108933.1663837 102.10210890719752 59.962728670361329 1.1210806335419647 0 0 0 1
1671108933.2670817 102.17656261207317 60.016981329949452 1.1210618828588395 0 0 0 1
1671108933.3640959 102.24867235766368 60.066289238407165 1.135349506839475 0 0 0 1
1671108933.4640324 102.29464898010909 60.106147654442161 1.1279594623316598 0 0 0 1
1671108933.5645695 102.34841153108925 60.143187411007396 1.1196337493371402 0 0 0 1
1671108933.667356 102.40458818385849 60.187880571691302 1.11566696099203 0 0 0 1
1671108933.7715344 102.48617578687912 60.206607029544266 1.1230744197158629 0 0 0 1
1671108933.8673329 102.54528600564674 60.248069190223475 1.1321304352800325 0 0 0 1
1671108933.962882 102.5934522534873 60.276779942093881 1.1248882686426214 0 0 0 1
1671108934.063072 102.65306083233213 60.314397069629472 1.1332751209522485 0 0 0 1
1671108934.1685679 102.72610138034938 60.386915041491733 1.1323665027611014 0 0 0 1
1671108934.2673206 102.80911900931457 60.425518431555972 1.1370284568504303 0 0 0 1
1671108934.3684468 102.86670613698345 60.446287463844122 1.1443489142410499 0 0 0 1
1671108934.4696631 102.91330405907399 60.501003918419308 1.1499080797993884 0 0 0 1
1671108934.5720754 102.96989374929288 60.544268044042624 1.152944791580353 0 0 0 1
1671108934.6702187 103.04069124761233 60.591527598220587 1.1535948780050376 0 0 0 1
1671108934.7621367 103.10294607606924 60.631290575899634 1.1484790195337382 0 0 0 1
1671108934.8673925 103.15308291029602 60.659035371919224 1.1362314688933566 0 0 0 1
1671108934.9646792 103.22590961811751 60.701804900670943 1.1334367707567026 0 0 0 1
1671108935.0657318 103.31741556284422 60.782267812643987 1.1482392826562773 0 0 0 1
1671108935.1664248 103.39198636385659 60.81161706063893 1.1380549045721864 0 0 0 1
1671108935.276737 103.4451078721832 60.838983729446333 1.1445422240756216 0 0 0 1
1671108935.3715117 103.50608276247998 60.882322375005543 1.1656180497911919 0 0 0 1
1671108935.4700511 103.59182484128709 60.932780394235138 1.1734558205982921 0 0 0 1
1671108935.5732682 103.66996835027605 60.96717192743295 1.1579313251945678 0 0 0 1
1671108935.6695087 103.71893728033163 60.995180825292891 1.1635885191632269 0 0 0 1
1671108935.7731993 103.7776906516482 61.041103086572249 1.1677174250137341 0 0 0 1
1671108935.86886 103.86459507953549 61.121347369811623 1.1762153377733284 0 0 0 1
1671108935.9718611 103.94419818316317 61.166435184400463 1.1702363919604295 0 0 0 1
1671108936.0685723 103.99997444832246 61.205241477146551 1.1616544220088372 0 0 0 1
1671108936.1685822 104.0444622510733 61.249755975182808 1.1775072661623653 0 0 0 1
1671108936.2675002 104.10505733966987 61.294389384216608 1.1701072362035347 0 0 0 1
1671108936.3798001 104.18818110310465 61.33683645805224 1.1781019784081082 0 0 0 1
1671108936.4782662 104.24712852658013 61.374210757710031 1.17624343698742 0 0 0 1
1671108936.5799963 104.30269357662436 61.428042705694978 1.1255315665816852 0 0 0 1
1671108936.6792192 104.36636440821285 61.480763818823341 1.1314128748051644 0 0 0 1
1671108936.7777042 104.45264308653637 61.55363727673226 1.1566511302198705 0 0 0 1
1671108936.8757825 104.52108374189895 61.587703827203427 1.1497653411578312 0 0 0 1
1671108936.9687178 104.56186750996058 61.624474903581415 1.1445214252319147 0 0 0 1
1671108937.0761294 104.61210820827419 61.657422121703711 1.1535490719322752 0 0 0 1
1671108937.1731186 104.67850030216303 61.702489812614523 1.1586103846943843 0 0 0 1
1671108937.27492 104.76295845818557 61.736452240617865 1.1587152535428231 0 0 0 1
1671108937.3763909 104.81589234078467 61.769640211949778 1.1498788900772752 0 0 0 1
1671108937.4844577 104.87680567716535 61.800403098621281 1.1480446610763693 0 0 0 1
1671108937.588599 104.9421543152996 61.850349391526727 1.1552370532439227 0 0 0 1
1671108937.6794074 105.03257094080188 61.922139392557263 1.1634101363512173 0 0 0 1
1671108937.7808845 105.09313906524568 61.942168415441557 1.153990279627692 0 0 0 1
1671108937.8779562 105.14808364590652 61.96963740621316 1.1536591009986523 0 0 0 1
1671108937.9757829 105.20575367414536 62.009626756266194 1.1679956715943263 0 0 0 1
1671108938.0762281 105.28761114462586 62.045832195782531 1.173990619472761 0 0 0 1
1671108938.1725492 105.36563774391175 62.091004444875004 1.1765222444233814 0 0 0 1
1671108938.2757769 105.41427070471605 62.109252282745288 1.1725098658301931 0 0 0 1
1671108938.3763666 105.48504766610411 62.144326759436915 1.1749944354895661 0 0 0 1
1671108938.4774253 105.56174338265286 62.18824934063219 1.1758742735473788 0 0 0 1
1671108938.588129 105.65794720751099 62.253439798861933 1.1764091654829372 0 0 0 1
1671108938.6770008 105.71903817171926 62.298617860242878 1.1874164556062397 0 0 0 1
1671108938.7785301 105.77331574725974 62.345235827409404 1.1947657906370068 0 0 0 1
1671108938.8762217 105.82623695947986 62.389187970112481 1.1901755022328189 0 0 0 1
1671108938.9709504 105.9000938601971 62.445773148900983 1.198840467357968 0 0 0 1
1671108939.0739152 105.97694334422512 62.480654534784108 1.2099471715134769 0 0 0 1
1671108939.1724768 106.03929896456337 62.498029631946451 1.2035106164719309 0 0 0 1
1671108939.2765584 106.107251189021 62.537663661121883 1.2076652421296785 0 0 0 1
1671108939.3719733 106.18304217699607 62.597701526823606 1.1994092571915189 0 0 0 1
1671108939.4744101 106.28208230636113 62.639608473702999 1.2106859005475599 0 0 0 1
1671108939.5730486 106.34458693775045 62.683033352526607 1.2112270378565881 0 0 0 1
1671108939.6873326 106.39799762679995 62.741929566069643 1.2273878926550879 0 0 0 1
1671108939.7820895 106.46281236870584 62.783685252947691 1.2322526865956434 0 0 0 1
1671108939.8811433 106.56027915046174 62.810222787689845 1.2363258314303494 0 0 0 1
1671108939.9718997 106.62576761067965 62.858058073481622 1.2433732486655344 0 0 0 1
1671108940.0765569 106.68174936838867 62.888710579762126 1.2442440328294424 0 0 0 1
1671108940.1778936 106.76268961845041 62.942755046298068 1.2551417778872747 0 0 0 1
1671108940.2786527 106.8621517901688 63.02566970580277 1.2534199850522327 0 0 0 1
1671108940.3800259 106.94144351008886 63.060618730828921 1.2397748368067596 0 0 0 1
1671108940.4782135 106.99379944913798 63.103974820359035 1.251190470679262 0 0 0 1
1671108940.5880237 107.05214983620293 63.149294919355292 1.2487671795378219 0 0 0 1
1671108940.6781626 107.12088332196424 63.197033916143653 1.2341037845322944 0 0 0 1
1671108940.7878513 107.20771918966376 63.233856590692298 1.2408118386908882 0 0 0 1
1671108940.8864794 107.26893210281368 63.270170431520377 1.2386266954669054 0 0 0 1
1671108940.977731 107.3318697627126 63.309678805920647 1.2469228144448152 0 0 0 1
1671108941.0799174 107.41016832604704 63.373409091772636 1.2454245531582728 0 0 0 1
1671108941.1772206 107.51189714633045 63.450019611730575 1.2478869577898877 0 0 0 1
1671108941.2809641 107.57016024373475 63.480746894146705 1.2563502602906738 0 0 0 1
1671108941.3770735 107.6176501892612 63.52526871767207 1.2665494275310039 0 0 0 1
1671108941.4821801 107.67931931110218 63.572158847250805 1.253102743707359 0 0 0 1
1671108941.5778451 107.75070405411523 63.600297719485816 1.2391216373160887 0 0 0 1
1671108941.6788907 107.82561288936864 63.645385373463832 1.2526994126840236 0 0 0 1
1671108941.7778385 107.88048583052647 63.701192239446456 1.2662558832159903 0 0 0 1
1671108941.8939698 107.94786787371004 63.751600635026428 1.2789249647352108 0 0 0 1
1671108941.9778161 108.03065415193512 63.817844692073216 1.2757044800055155 0 0 0 1
1671108942.0839009 108.13355148545901 63.870100856578354 1.2655528856621459 0 0 0 1
1671108942.177779 108.19172827355932 63.900834477223071 1.2714458875943819 0 0 0 1
1671108942.2805328 108.24046051265644 63.957537519821187 1.2758935404848444 0 0 0 1
1671108942.3800147 108.30358455170527 64.000190018116271 1.2783315952823386 0 0 0 1
1671108942.4856248 108.41187592917905 64.024810008988055 1.2772431211916455 0 0 0 1
1671108942.580987 108.47690875264644 64.058816018161565 1.2643830866652479 0 0 0 1
1671108942.6796017 108.52639718956985 64.100872289802567 1.2608446686225534 0 0 0 1
1671108942.7821095 108.59450122869316 64.157058629822345 1.2641967009675454 0 0 0 1
1671108942.8804104 108.69771451196934 64.236500402318299 1.2677530506248331 0 0 0 1
1671108942.9854419 108.77232929868545 64.271486306833665 1.2626272107506793 0 0 0 1
1671108943.0863562 108.8170180469007 64.302506399001018 1.2644351807215344 0 0 0 1
1671108943.1763833 108.86792679625911 64.342962830261882 1.2664702641764052 0 0 0 1
1671108943.2803342 108.92941793952443 64.375187060509916 1.2592705135974711 0 0 0 1
1671108943.3774767 109.02082833542143 64.404025398239199 1.2584851381349154 0 0 0 1
1671108943.4791424 109.07065412957891 64.437405519908069 1.2575929192485091 0 0 0 1
1671108943.5763772 109.11942670707384 64.480652384426207 1.2736038693409455 0 0 0 1
1671108943.6792779 109.19263526657582 64.530822256310728 1.2650870610368656 0 0 0 1
1671108943.7792497 109.28883256862582 64.593853603547032 1.2661204439306175 0 0 0 1
1671108943.8766329 109.35706168103449 64.625506333699946 1.2656513218879581 0 0 0 1
1671108943.9773211 109.40019706401084 64.678171936885889 1.2796481999258731 0 0 0 1
1671108944.0833726 109.45173412086601 64.721345636739258 1.278873737203412 0 0 0 1
1671108944.1758256 109.52775108302407 64.765720044599945 1.2884938748569539 0 0 0 1
1671108944.2747912 109.60367374529994 64.805432056362633 1.290726472576921 0 0 0 1
1671108944.3747582 109.66143482900134 64.829000453773517 1.2887899672624599 0 0 0 1
1671108944.4771013 109.7348779054557 64.858395110389495 1.2874953789181518 0 0 0 1
1671108944.5714123 109.80889303147056 64.932806343186869 1.2893741728215673 0 0 0 1
1671108944.6734538 109.90504455773774 64.976698110163568 1.2850744814450081 0 0 0 1
1671108944.7740152 109.95879576865364 65.012507950477058 1.2868730212597939 0 0 0 1
1671108944.8772259 110.01378960255904 65.05893059410333 1.2948992848902208 0 0 0 1
1671108944.9680912 110.08501508066983 65.100768831726512 1.2830380338386931 0 0 0 1
1671108945.0688381 110.17293865446867 65.14398295523246 1.2961140592818765 0 0 0 1
1671108945.1834831 110.23530547267599 65.187076018934306 1.2907824632601432 0 0 0 1
1671108945.2763958 110.29615841403114 65.220871868578556 1.290392238798745 0 0 0 1
1671108945.3711114 110.36501094637282 65.26864807961843 1.3027375771874858 0 0 0 1
1671108945.4702103 110.46101360931391 65.36926403632954 1.3079470046462802 0 0 0 1
1671108945.5709252 110.52581522028647 65.413017817159243 1.3059308445633633 0 0 0 1
1671108945.6722093 110.56161167233248 65.4513476215688 1.3115538885543856 0 0 0 1
1671108945.7704129 110.61736129643803 65.492128174719838 1.3052655501105619 0 0 0 1
1671108945.8701572 110.67842961290671 65.540926369583175 1.2922990433926316 0 0 0 1
1671108945.9679568 110.75060883031399 65.584322993906412 1.3102726138203025 0 0 0 1
1671108946.0694311 110.81066467851399 65.633531356366291 1.3123027410219947 0 0 0 1
1671108946.1666498 110.86822973749358 65.67223182709246 1.3138098874967454 0 0 0 1
1671108946.2780235 110.94785841729123 65.718161505427872 1.3207001926707562 0 0 0 1
1671108946.3747354 111.04274601025384 65.80908755073267 1.3228857007795796 0 0 0 1
1671108946.4748402 111.1208946896169 65.831921402591178 1.3142928555004119 0 0 0 1
1671108946.5752504 111.17048645976523 65.873682322727532 1.3158314062678755 0 0 0 1
1671108946.6838229 111.2326800787343 65.925405053645321 1.3326925695737373 0 0 0 1
1671108946.775243 111.3267894178209 65.955833252031013 1.3220742254042079 0 0 0 1
1671108946.8753638 111.40108045774996 65.990455788503496 1.3171026688610254 0 0 0 1
1671108946.9671924 111.45054304122284 66.02548321239118 1.3249136231380589 0 0 0 1
1671108947.0688317 111.51784887885871 66.067174126721028 1.3282305582425806 0 0 0 1
1671108947.1671627 111.60319538731201 66.138813473191348 1.3208941448972382 0 0 0 1
1671108947.2733905 111.69081184325812 66.194223896831332 1.3048526270316643 0 0 0 1
1671108947.3745842 111.75041412443717 66.221760095992565 1.2967066288127853 0 0 0 1
1671108947.476778 111.80937588592491 66.26791951631165 1.311795740006005 0 0 0 1
1671108947.5720408 111.8686914518872 66.322030430547898 1.3153657339843221 0 0 0 1
1671108947.6761591 111.95449849334447 66.371397185711601 1.3268705246576928 0 0 0 1
1671108947.7768359 112.01952999123694 66.414850937347012 1.3209455613942964 0 0 0 1
1671108947.8681672 112.07067057400904 66.445602185900924 1.3202552188556638 0 0 0 1
1671108947.9641838 112.14127260927759 66.492720836794277 1.3127063786520239 0 0 0 1
1671108948.0672414 112.23244667839377 66.576980980617662 1.3180363405642765 0 0 0 1
1671108948.1681168 112.30686708748205 66.615493227525889 1.3235893649704167 0 0 0 1
1671108948.2652152 112.35972687297173 66.657938806930105 1.3249270945028684 0 0 0 1
1671108948.3651683 112.41315317821001 66.70115841225234 1.3273205263275258 0 0 0 1
1671108948.4739761 112.47863793108404 66.736731983052664 1.3199676934436866 0 0 0 1
1671108948.5687485 112.5666127512296 66.789249199133181 1.3250217474873125 0 0 0 1
1671108948.6709902 112.62543043267853 66.814878912036747 1.3198379655769941 0 0 0 1
1671108948.7667692 112.68578271197477 66.855672253321771 1.3298322587576195 0 0 0 1
1671108948.8664777 112.75740795282677 66.895433111688732 1.3234804556107065 0 0 0 1
1671108948.9632397 112.83079818244883 66.98589938438252 1.3405165559030365 0 0 0 1
1671108949.0658538 112.90070624844427 67.013919326314522 1.3200431279833538 0 0 0 1
1671108949.1626041 112.95498417394283 67.051696017082406 1.3252145140306766 0 0 0 1
1671108949.2671895 113.01394705798238 67.100412028674938 1.3420696277916022 0 0 0 1
1671108949.3657668 113.08659142973642 67.143904115083785 1.3399199664922889 0 0 0 1
1671108949.4704063 113.15674755361361 67.191676057334675 1.3452859810639666 0 0 0 1
1671108949.5713134 113.20944246618181 67.224738021566523 1.3336383485534498 0 0 0 1
1671108949.6782398 113.27591199639649 67.267614856580565 1.3409821286874148 0 0 0 1
1671108949.7727323 113.36031480769169 67.326775816954481 1.3337259008882256 0 0 0 1
1671108949.8675451 113.44719886059208 67.391486256895305 1.3376090965597314 0 0 0 1
1671108949.965836 113.49660468370578 67.437086549783345 1.3479771252988257 0 0 0 1
1671108950.0658827 113.54559776402984 67.492111913266697 1.3568418476974102 0 0 0 1
1671108950.1660223 113.61912594112933 67.519422532516856 1.3541910566269735 0 0 0 1
1671108950.2682712 113.71175943504001 67.554585652573678 1.3459729375059624 0 0 0 1
1671108950.3668649 113.76759500506192 67.62052240534581 1.3658827462495537 0 0 0 1
1671108950.4672146 113.81425235841078 67.661148164118956 1.3563078215752284 0 0 0 1
1671108950.567348 113.88497595000433 67.712081876674915 1.3534028093715733 0 0 0 1
1671108950.6754513 113.9764766137607 67.775297501100297 1.3421688182093021 0 0 0 1
1671108950.7727296 114.043093786003 67.810703723735742 1.3338707080359882 0 0 0 1
1671108950.8733344 114.09344130211298 67.843691684185004 1.3215292742530664 0 0 0 1
1671108950.9667401 114.14060845592988 67.898112643671084 1.3385933130070953 0 0 0 1
1671108951.0682402 114.20049963107159 67.953021340820499 1.3390540284646022 0 0 0 1
1671108951.1644292 114.28219981395256 68.004051288887638 1.3422054241744945 0 0 0 1
1671108951.269762 114.34456279526042 68.038213002611741 1.3345792711317017 0 0 0 1
1671108951.3659165 114.4184860173816 68.078443842834062 1.3223501384129577 0 0 0 1
1671108951.4688261 114.48608151683399 68.175181786618182 1.3616565292101086 0 0 0 1
1671108951.5659969 114.58773180114896 68.206449015269868 1.3273078964033402 0 0 0 1
1671108951.6662786 114.64224741613202 68.250218423210825 1.3326871721718589 0 0 0 1
1671108951.7783327 114.6897939229444 68.309773855026137 1.3474092101180304 0 0 0 1
1671108951.8756061 114.74381096218758 68.357659587631531 1.3349444326274806 0 0 0 1
1671108951.9694052 114.81645412133288 68.412230140815197 1.3488457843016022 0 0 0 1
1671108952.0678878 114.87773830743829 68.451589362996557 1.3531994310036453 0 0 0 1
1671108952.1658771 114.92696964681744 68.513025577573117 1.3797875875119416 0 0 0 1
1671108952.2669232 114.99654492557335 68.543453513726107 1.3566656129358989 0 0 0 1
1671108952.3665006 115.083733170266 68.629658574437642 1.3581832116286705 0 0 0 1
1671108952.4683032 115.15894190222777 68.662528628846559 1.3641365893191733 0 0 0 1
1671108952.5684502 115.19400890572754 68.719181053429054 1.3891985489641456 0 0 0 1
1671108952.6697874 115.25020747156135 68.768197934406217 1.3949487419488378 0 0 0 1
1671108952.7688577 115.32412997006715 68.801928572570858 1.355566110980817 0 0 0 1
1671108952.8701084 115.40815236980288 68.845863836792546 1.3710406591087576 0 0 0 1
1671108952.9683719 115.46123826693088 68.889643799465418 1.3858760787927622 0 0 0 1
1671108953.067951 115.51592214303017 68.940097656354283 1.3928014964441218 0 0 0 1
1671108953.1651807 115.5843556917945 69.000001955656089 1.3880565237370774 0 0 0 1
1671108953.2663066 115.66502237890207 69.073310496217019 1.3914181093540492 0 0 0 1
1671108953.3664079 115.73587562404518 69.108398494650658 1.3964574210151568 0 0 0 1
1671108953.4671693 115.78240874858996 69.161463221361075 1.4065978292621821 0 0 0 1
1671108953.5744338 115.83423535745538 69.21579388927708 1.4154011287221238 0 0 0 1
1671108953.6657443 115.91861294411866 69.252497598665599 1.4055885243237753 0 0 0 1
1671108953.7684157 115.98753066109296 69.310115987142851 1.4068251041570647 0 0 0 1
1671108953.8677211 116.02820613015861 69.355779717417846 1.4198543602366271 0 0 0 1
1671108953.9686255 116.11304156233727 69.368640467205537 1.384873255026605 0 0 0 1
1671108954.0784402 116.19166706948002 69.472191460540429 1.4232319767108947 0 0 0 1
1671108954.1646593 116.27844939833076 69.503583795772229 1.3982390829113456 0 0 0 1
1671108954.2659609 116.31934706787779 69.544625806718003 1.3989640286566782 0 0 0 1
1671108954.3656745 116.38273262990033 69.587789777684762 1.4003756348298566 0 0 0 1
1671108954.4643655 116.44569997224954 69.632047723527791 1.3890688727639144 0 0 0 1
1671108954.569237 116.53387331106207 69.684546736020593 1.4004535923118056 0 0 0 1
1671108954.6674037 116.58561020741926 69.71146964503555 1.3938929075351325 0 0 0 1
1671108954.7647815 116.64700549139543 69.747205312911689 1.3926835127932691 0 0 0 1
1671108954.8663385 116.71564949927054 69.800537714181814 1.3926173209292756 0 0 0 1
1671108954.9628835 116.80994443148379 69.887288622034859 1.4088291678704081 0 0 0 1
1671108955.0709598 116.87320122077682 69.94200887791159 1.4182668096927955 0 0 0 1
1671108955.1707511 116.93669257995046 69.962993390264145 1.4185493025228197 0 0 0 1
1671108955.2832637 116.99947336066596 70.002820808812615 1.3981503229940699 0 0 0 1
1671108955.3755465 117.07990639110187 70.044427239034491 1.3999471498582352 0 0 0 1
1671108955.4686522 117.14097321531132 70.10113222639103 1.401433008557774 0 0 0 1
1671108955.5670509 117.19051602924499 70.135899347997068 1.4063495980648213 0 0 0 1
1671108955.664566 117.25371481871102 70.185284285968294 1.4177803832768632 0 0 0 1
1671108955.7733934 117.33652709969157 70.270110736311963 1.4203446178510148 0 0 0 1
1671108955.8664727 117.41574955950766 70.295898626341582 1.4095829010527723 0 0 0 1
1671108955.966049 117.45682414353655 70.33485449227318 1.4106834275856954 0 0 0 1
1671108956.068028 117.5126220579094 70.387975188637625 1.4273763909268382 0 0 0 1
1671108956.1752253 117.59502820027564 70.415893606967245 1.4162117346486411 0 0 0 1
1671108956.275161 117.67945528033529 70.440907905854203 1.3946706735877115 0 0 0 1
1671108956.3741517 117.73562545295496 70.482156945758859 1.3923537835638626 0 0 0 1
1671108956.4729903 117.80283335525232 70.531069025627147 1.4085203908671247 0 0 0 1
1671108956.569885 117.88070958552333 70.605126463349748 1.4239706666000984 0 0 0 1
1671108956.6713724 117.97131328219197 70.656283346788513 1.4105181260779318 0 0 0 1
1671108956.7749505 118.04762015579807 70.651957923055264 1.3673291101946461 0 0 0 1
1671108956.8580999 118.09982708616603 70.71480372765545 1.3955416548704989 0 0 0 1
1671108956.9660459 118.17165379307473 70.755164047684133 1.4003207718086514 0 0 0 1
1671108957.0677786 118.26066734335564 70.806166315722848 1.4107324011147284 0 0 0 1
1671108957.166415 118.31059820946886 70.849259236242418 1.4095501340251531 0 0 0 1
1671108957.2706432 118.36747782614528 70.884150528649329 1.4093640566137537 0 0 0 1
1671108957.374227 118.43910797036047 70.937548593602997 1.4019828513113453 0 0 0 1
1671108957.4750257 118.53723896942157 71.023965302644442 1.4164297671526356 0 0 0 1
1671108957.5749967 118.60340623774835 71.063634391097793 1.4146351128866854 0 0 0 1
1671108957.6720459 118.64287756973533 71.111528847096338 1.4240682188819846 0 0 0 1
1671108957.7738545 118.69987370191821 71.15782874530926 1.4176657013654221 0 0 0 1
1671108957.8724499 118.77887650733634 71.224540794540957 1.4603409196419079 0 0 0 1
1671108957.9743671 118.84529407469864 71.27352158607863 1.458755777596707 0 0 0 1
1671108958.0715957 118.89184171499964 71.32201437798841 1.4665436965021854 0 0 0 1
1671108958.1749964 118.94717474993637 71.374411386655154 1.4848348360319505 0 0 0 1
1671108958.2809112 119.01600359335389 71.436101204781849 1.489654920639623 0 0 0 1
1671108958.3784225 119.09850106530335 71.506330560505887 1.4780161878242097 0 0 0 1
1671108958.4812376 119.14270335675648 71.549580472741738 1.4866978036120599 0 0 0 1
1671108958.5761902 119.19606376559638 71.601907838920283 1.4895555274207481 0 0 0 1
1671108958.679673 119.24613005601286 71.659846025799894 1.4877755614011221 0 0 0 1
1671108958.7757478 119.33272186783445 71.69517543235456 1.4953012848382059 0 0 0 1
1671108958.8701603 119.39220074889124 71.734895241652012 1.4885321102159423 0 0 0 1
1671108958.9702184 119.44593670305615 71.774897048964647 1.4791621850295087 0 0 0 1
1671108959.0724297 119.5212758398319 71.819787777450216 1.4833566972196195 0 0 0 1
1671108959.1696045 119.60038168223501 71.915695196504601 1.4862180602758599 0 0 0 1
1671108959.2752221 119.66908637505578 71.96031567770784 1.4915747583954726 0 0 0 1
1671108959.3696537 119.71877928941346 72.002343727024268 1.4916162371351902 0 0 0 1
1671108959.4787259 119.77244649379703 72.047744567681818 1.4850098138934982 0 0 0 1
1671108959.5760877 119.84394800984779 72.095487328367383 1.4742554877851717 0 0 0 1
1671108959.6820321 119.92279474738491 72.146400739071879 1.4869557333187231 0 0 0 1
1671108959.779232 119.97644376263723 72.193532886234749 1.4946330257193949 0 0 0 1
1671108959.874866 120.03556671735161 72.238319261525263 1.4870789362547612 0 0 0 1
1671108959.9735291 120.11320267176615 72.299973554361344 1.4849690124698327 0 0 0 1
1671108960.0753706 120.2041261914253 72.386432418112904 1.492099658135885 0 0 0 1
1671108960.1754785 120.25914987525529 72.42318125605901 1.4791824723831724 0 0 0 1
1671108960.2751274 120.30105052391379 72.477775214315102 1.4808613194993541 0 0 0 1
1671108960.3737674 120.35187209183786 72.529996865994505 1.4891625352994424 0 0 0 1
1671108960.4723015 120.42995273871522 72.578841333398856 1.4858841900223752 0 0 0 1
1671108960.5766273 120.493721718145 72.628617836399087 1.483402937668302 0 0 0 1
1671108960.6769121 120.53975536164072 72.66809278819666 1.4878101009143165 0 0 0 1
1671108960.7739112 120.60467980158499 72.709641961062545 1.4789353852141858 0 0 0 1
1671108960.8798637 120.68391847401958 72.798467627185516 1.4697369486733578 0 0 0 1
1671108960.9711816 120.76019893013432 72.858257902590211 1.4709097449659794 0 0 0 1
1671108961.0727255 120.80464531064423 72.903094009185182 1.477757444301119 0 0 0 1
1671108961.1730399 120.85583283914937 72.952707023908843 1.4935011172768782 0 0 0 1
1671108961.2717862 120.9166982952588 73.003257660481935 1.489172249873036 0 0 0 1
1671108961.3768899 120.99185733475096 73.043887764059363 1.4907508331567669 0 0 0 1
1671108961.4785745 121.05614907810778 73.082523976111531 1.4850465565191371 0 0 0 1
1671108961.5777876 121.10364263539137 73.076515308192356 1.4452866024663535 0 0 0 1
1671108961.6952956 121.16635602191943 73.146001701847467 1.4566313801897195 0 0 0 1
1671108961.7793984 121.2477802205786 73.235614004519348 1.4626336323285614 0 0 0 1
1671108961.8938785 121.30457457703531 73.275247946015753 1.4499820624267841 0 0 0 1
1671108961.9791334 121.34792086387731 73.324907432502201 1.4498967360368624 0 0 0 1
1671108962.0751328 121.39418811901621 73.37841982715706 1.4653262677229577 0 0 0 1
1671108962.1742337 121.45612292698931 73.431500300967627 1.4619554253346223 0 0 0 1
1671108962.2744055 121.53148817316691 73.476358263772894 1.450280359020212 0 0 0 1
1671108962.3765967 121.57991298948168 73.516129583293846 1.4462466603694111 0 0 0 1
1671108962.4777267 121.64571601857885 73.569605658988579 1.4512672974867655 0 0 0 1
1671108962.5742834 121.72236902128061 73.632032698352788 1.4543065269301678 0 0 0 1
1671108962.689513 121.82081932273995 73.71538069872669 1.4630400678007618 0 0 0 1
1671108962.7932889 121.87504274641253 73.754469581120333 1.4604823736341359 0 0 0 1
1671108962.8866494 121.91974638325131 73.808988799840762 1.4598174008090155 0 0 0 1
1671108962.9796944 121.97624285032137 73.85811297353959 1.4555126084619587 0 0 0 1
1671108963.081959 122.07034359213043 73.90740952903765 1.4524397003355034 0 0 0 1
1671108963.1827579 122.129054631947 73.954633103844145 1.4559396718315156 0 0 0 1
1671108963.2845192 122.17824707857916 74.00224013940236 1.4531371933755963 0 0 0 1
1671108963.3793921 122.24101358764015 74.064565661733411 1.4540366596542071 0 0 0 1
1671108963.480684 122.33869723123902 74.160099350665547 1.4457772111773011 0 0 0 1
1671108963.5779157 122.39792607316143 74.207930604294475 1.4459854210249432 0 0 0 1
1671108963.6855783 122.43112839565238 74.250892724459618 1.456032377109068 0 0 0 1
1671108963.7795136 122.48382977020074 74.305885178007856 1.459250500386247 0 0 0 1
1671108963.8932698 122.5362896878828 74.354043106273764 1.4394069746061859 0 0 0 1
1671108963.9779017 122.60937056481818 74.414255919659965 1.4569913187594921 0 0 0 1
1671108964.0761545 122.65986529242043 74.462284383268951 1.4496315943566742 0 0 0 1
1671108964.1787658 122.7209015904883 74.505692484562701 1.4384016891502824 0 0 0 1
1671108964.2782137 122.79060210368408 74.570600690588506 1.4436580105736994 0 0 0 1
1671108964.3739188 122.87973095765268 74.649916857913652 1.4483938229089972 0 0 0 1
1671108964.4755268 122.93433857606604 74.696206710442496 1.4539837774423177 0 0 0 1
1671108964.5744903 122.974583870795 74.750815658729181 1.4641224756290967 0 0 0 1
1671108964.6798778 123.03032891463636 74.799475957671817 1.4517745299127682 0 0 0 1
1671108964.7844808 123.11083104323176 74.84090535964215 1.443905239796436 0 0 0 1
1671108964.8926244 123.17428424907325 74.90468221110298 1.4601035594040468 0 0 0 1
1671108964.9803114 123.21997749709826 74.941435793503516 1.44165272504938 0 0 0 1
1671108965.0777972 123.27818042303942 75.009197923397664 1.4390741349999416 0 0 0 1
1671108965.184011 123.36339272690797 75.08740392686552 1.4586678932762425 0 0 0 1
1671108965.2763612 123.4468529462175 75.126972870583188 1.4603280699901688 0 0 0 1
1671108965.3735676 123.49876166488978 75.167087414761312 1.4372439978234297 0 0 0 1
1671108965.4860635 123.55089467352236 75.224508992238313 1.4315981444987074 0 0 0 1
1671108965.5765283 123.61171038502395 75.289613332366159 1.4515677243913387 0 0 0 1
1671108965.6850309 123.69419153375868 75.342006672456492 1.4738859973836043 0 0 0 1
1671108965.7736568 123.75168212750137 75.381977091480806 1.4571910464111397 0 0 0 1
1671108965.8722262 123.79921426707249 75.428916244228461 1.4504033404570009 0 0 0 1
1671108965.9699972 123.87227026538416 75.481488037019403 1.4399146175919668 0 0 0 1
1671108966.078696 123.94576362283811 75.578097815378229 1.4480463084830717 0 0 0 1
1671108966.1838114 124.00770875418004 75.626029938904722 1.4500149267444158 0 0 0 1
1671108966.2710598 124.06301121162694 75.672498925590617 1.4382879838883582 0 0 0 1
1671108966.3751137 124.12309661114168 75.721213388052888 1.4343854360109844 0 0 0 1
1671108966.475858 124.20191943066241 75.777373865306103 1.4438401420360378 0 0 0 1
1671108966.5793595 124.26411881406541 75.83456551873806 1.4482478343264802 0 0 0 1
1671108966.6744938 124.3341878465652 75.866680187334907 1.4303659031779716 0 0 0 1
1671108966.7710109 124.40302651645845 75.918733346731941 1.4314383093407059 0 0 0 1
1671108966.8700385 124.47466347577182 76.020873080924062 1.4440741753047632 0 0 0 1
1671108966.9720259 124.55186359885209 76.063696720775695 1.4387007823149816 0 0 0 1
1671108967.0690658 124.59634938480156 76.116023876604999 1.4501841721478286 0 0 0 1
1671108967.1779912 124.65315963393763 76.16919335187049 1.4499726303978377 0 0 0 1
1671108967.2727561 124.72452231853106 76.211234695017083 1.4249443010094183 0 0 0 1
1671108967.369154 124.80190284224462 76.261039039058772 1.4425624087804181 0 0 0 1
1671108967.4702156 124.85444648680851 76.304731936320849 1.4519196131209355 0 0 0 1
1671108967.5683403 124.91826766450265 76.343423078749012 1.449966054037759 0 0 0 1
1671108967.6707809 124.97911184821569 76.407523004912107 1.4648386242511151 0 0 0 1
1671108967.7715399 125.06742669649448 76.487389744929899 1.4604830368314197 0 0 0 1
1671108967.8667545 125.12816355919828 76.533807079014423 1.4498719613972071 0 0 0 1
1671108967.964102 125.17786360227346 76.582515903607828 1.4616971636978633 0 0 0 1
1671108968.0714803 125.23792324787428 76.635123127173003 1.4644866575140441 0 0 0 1
1671108968.1755087 125.34751916880118 76.683640844193192 1.4533525968600998 0 0 0 1
1671108968.2727733 125.39737482868271 76.734966371006493 1.4750532453441565 0 0 0 1
1671108968.3726165 125.46521841761582 76.76795009846235 1.4500436567567476 0 0 0 1
1671108968.4711871 125.53203263522521 76.831061157332456 1.4572364150000112 0 0 0 1
1671108968.5737224 125.62273595145506 76.924015621065152 1.466289888242386 0 0 0 1
1671108968.6716473 125.69174816027501 76.965468174455424 1.4710299135709874 0 0 0 1
1671108968.7722852 125.73531742098206 77.023912503148509 1.4924410246840125 0 0 0 1
1671108968.8727176 125.79353806049065 77.082468408635734 1.4725623744354834 0 0 0 1
1671108968.9724753 125.85454534205557 77.132023702269819 1.4860032357216824 0 0 0 1
1671108969.0696061 125.92384063063595 77.189751383328215 1.5262066702601942 0 0 0 1
1671108969.1768093 125.98141740491702 77.234940428987869 1.5176177568913545 0 0 0 1
1671108969.2687018 126.04816563607109 77.283995120407141 1.5027786532923528 0 0 0 1
1671108969.3724668 126.11936703896085 77.356224648236719 1.489097263336248 0 0 0 1
1671108969.4695945 126.20108214996401 77.429376362250423 1.4930777317224511 0 0 0 1
1671108969.5674748 126.24476477813462 77.473741424920803 1.4914938028953202 0 0 0 1
1671108969.6683941 126.29012296932731 77.529783146826858 1.5015061340905049 0 0 0 1
1671108969.7722154 126.33843681732692 77.583872555568931 1.514290954389935 0 0 0 1
1671108969.8698134 126.43008286852761 77.626077849653143 1.4744545775751021 0 0 0 1
1671108969.9630256 126.48460730672051 77.673526277063786 1.4756121637431079 0 0 0 1
1671108970.0672479 126.52721653125526 77.720932274393149 1.5001789944665234 0 0 0 1
1671108970.1654673 126.58863051231543 77.787872275293893 1.5147782860449297 0 0 0 1
1671108970.2652295 126.69173302871958 77.874207153523514 1.508034026170094 0 0 0 1
1671108970.3664315 126.76905041304096 77.915730947600323 1.5006212652295972 0 0 0 1
1671108970.4718277 126.81333351874503 77.969436248723227 1.5140032258119618 0 0 0 1
1671108970.5753314 126.87890695400232 78.027258655846012 1.50718323529793 0 0 0 1
1671108970.6697197 126.95301368530103 78.080744724671035 1.4905425247073936 0 0 0 1
1671108970.7721307 127.03748297441484 78.121652043466412 1.48680810312635 0 0 0 1
1671108970.8740423 127.08207668254309 78.162478091174663 1.5034885104881823 0 0 0 1
1671108970.9765728 127.13610855511169 78.228803732620335 1.5120931875537735 0 0 0 1
1671108971.066879 127.21092835960367 78.306303180122171 1.5209061096302321 0 0 0 1
1671108971.1662238 127.2960341972139 78.374153042002234 1.5191850829535269 0 0 0 1
1671108971.2702432 127.35172059898009 78.416170586861426 1.5180824138955131 0 0 0 1
1671108971.3681762 127.38706004604211 78.47733558660282 1.5625663629514293 0 0 0 1
1671108971.4704022 127.44978100920244 78.526564654050006 1.5373151699246819 0 0 0 1
1671108971.5723987 127.54299788878798 78.568447896488053 1.5365984679759777 0 0 0 1
1671108971.6712554 127.60333287715243 78.615054795048479 1.533093130671773 0 0 0 1
1671108971.7722888 127.66165610494126 78.65085674599213 1.5256080177520062 0 0 0 1
1671108971.8687642 127.73583417239331 78.717109151852227 1.5288521711928524 0 0 0 1
1671108971.9670494 127.83463373835167 78.805465024214158 1.5375082693211652 0 0 0 1
1671108972.0690982 127.90982444628656 78.852354992511735 1.5183311521328733 0 0 0 1
1671108972.1706438 127.95886657762203 78.910006668185233 1.5702931618097864 0 0 0 1
1671108972.271136 128.03213068487443 78.970666050310413 1.5666582877418023 0 0 0 1
1671108972.3687027 128.11929737120042 79.018264577919197 1.5611193294450914 0 0 0 1
1671108972.4700012 128.18396722650496 79.07468972223414 1.5574128414513098 0 0 0 1
1671108972.5668607 128.23442477402199 79.117815889998354 1.5579801757268115 0 0 0 1
1671108972.6709182 128.29658072549239 79.177121584318854 1.5675079290613212 0 0 0 1
1671108972.7772238 128.39195535821727 79.268210854997221 1.5770754271115948 0 0 0 1
1671108972.8697612 128.44977467004793 79.323216487079051 1.5902340850400378 0 0 0 1
1671108972.9658468 128.49085137278473 79.382787966167825 1.589922843772797 0 0 0 1
1671108973.0712113 128.54831682563264 79.436083997800964 1.5935492165468759 0 0 0 1
1671108973.1679411 128.63304925242525 79.502968091522334 1.57386059840087 0 0 0 1
1671108973.2693627 128.7034854043967 79.544663454423386 1.5621843265951156 0 0 0 1
1671108973.3655715 128.75251634260292 79.589483969568604 1.5500852273946748 0 0 0 1
1671108973.4704914 128.81160968991449 79.654883445489233 1.5752982678023955 0 0 0 1
1671108973.5666158 128.8911320069403 79.740974612347458 1.6017721446016822 0 0 0 1
1671108973.6701581 128.9797848507514 79.785639412887164 1.5772036696712348 0 0 0 1
1671108973.7762275 129.02617210675822 79.839383618429054 1.5726095182501467 0 0 0 1
1671108973.8715117 129.08665608168457 79.899281773361395 1.5837674066267482 0 0 0 1
1671108973.9718659 129.15616397415275 79.958689262901601 1.5906394049716255 0 0 0 1
1671108974.0683992 129.23326213224161 80.010170725797096 1.5873674535991995 0 0 0 1
1671108974.1653857 129.28802648843316 80.049191828814884 1.5945817313472617 0 0 0 1
1671108974.2658148 129.34781818146897 80.097345198977834 1.5929603391649607 0 0 0 1
1671108974.3559961 129.41623516686676 80.174509444185588 1.6043047817829574 0 0 0 1
1671108974.4639702 129.5089581252341 80.238679009619304 1.6017954484966594 0 0 0 1
1671108974.5639257 129.56557137798143 80.286259807697036 1.5929339885949503 0 0 0 1
1671108974.6651566 129.60823371635942 80.349276264379554 1.5937748697688221 0 0 0 1
1671108974.7682996 129.66260163954652 80.397856548431548 1.5931923889465907 0 0 0 1
1671108974.8753297 129.7511448161282 80.448903272419741 1.6048959211908596 0 0 0 1
1671108974.9704485 129.80733242740467 80.496984488505888 1.6063111414065361 0 0 0 1
1671108975.0708973 129.85720176409097 80.534682554645428 1.6084772729492443 0 0 0 1
1671108975.170799 129.92212248089191 80.603025163289132 1.6039387962168803 0 0 0 1
1671108975.2720907 130.00828483251252 80.69984722612007 1.6200339583333516 0 0 0 1
1671108975.3700409 130.07953612299525 80.741719643281428 1.6153625058008174 0 0 0 1
1671108975.470098 130.11588484367462 80.791651794122416 1.6171704386194961 0 0 0 1
1671108975.5801847 130.16761982513697 80.846439412698516 1.6295737241790675 0 0 0 1
1671108975.6669593 130.24630161470515 80.892503852898528 1.6256504634177418 0 0 0 1
1671108975.7796626 130.31793959624375 80.949417603891277 1.6334625270330889 0 0 0 1
1671108975.8690391 130.39128733558121 80.983960919008581 1.6247108481288706 0 0 0 1
1671108975.9711785 130.44766684712977 81.036603098621015 1.6354782490227535 0 0 0 1
1671108976.0723562 130.5203094991123 81.114311328930469 1.6364118098714471 0 0 0 1
1671108976.1693351 130.59873502060802 81.189252771032841 1.6302330157784581 0 0 0 1
1671108976.2689338 130.65066541930278 81.230903313459507 1.6358430838747609 0 0 0 1
1671108976.3696589 130.71593722465067 81.282287428902137 1.630496914483615 0 0 0 1
1671108976.4694722 130.76832718073263 81.333831491005242 1.6329286035042969 0 0 0 1
1671108976.5674887 130.86285921627029 81.403740757001955 1.6316126513418112 0 0 0 1
1671108976.6681149 130.90863136049148 81.452453734283353 1.6418223494259792 0 0 0 1
1671108976.7794549 130.96963351750071 81.500499421190952 1.6307351689167717 0 0 0 1
1671108976.8708286 131.0316057899494 81.569551272881412 1.6286896791170875 0 0 0 1
1671108976.9695382 131.12005968850806 81.659113365365812 1.6423141426975008 0 0 0 1
1671108977.0731242 131.16756623847968 81.718124546361025 1.6498267978836338 0 0 0 1
1671108977.169775 131.20620908061954 81.772900172349566 1.6613729614119848 0 0 0 1
1671108977.2707627 131.26828869856661 81.836431722418681 1.6531480427976248 0 0 0 1
1671108977.3708322 131.35131667301988 81.892346137590849 1.664499613074895 0 0 0 1
1671108977.4703157 131.40035167642782 81.951827748087126 1.6967896724928551 0 0 0 1
1671108977.5679193 131.45437618802683 81.994981583947919 1.6905610684930252 0 0 0 1
1671108977.6695378 131.52006282169341 82.051334900502198 1.6878123694683609 0 0 0 1
1671108977.7845695 131.60836590727234 82.156072546654585 1.6796909740269257 0 0 0 1
1671108977.8693385 131.66898880371295 82.205079622863892 1.6848680548837365 0 0 0 1
1671108977.9664705 131.71558666339564 82.256675899169977 1.6971161339665741 0 0 0 1
1671108978.0679927 131.76997896515346 82.309423566174104 1.6900219683326441 0 0 0 1
1671108978.1724284 131.82656101475223 82.367057881131529 1.6862797678516017 0 0 0 1
1671108978.2705772 131.90351447820316 82.419389209222444 1.6919203257908748 0 0 0 1
1671108978.3716197 131.95710973736414 82.467733210220629 1.6856931641053734 0 0 0 1
1671108978.4703486 132.01185127518193 82.514401816719243 1.6839953978068252 0 0 0 1
1671108978.5699322 132.08184939337403 82.589665368786413 1.6906206185967676 0 0 0 1
1671108978.6723356 132.16951081064067 82.665749314231192 1.7026301769708425 0 0 0 1
1671108978.7817907 132.22845536809362 82.704977611242867 1.70986045533175 0 0 0 1
1671108978.8744214 132.27910381656673 82.752479504896939 1.7067961087770982 0 0 0 1
1671108978.9675002 132.3195570385426 82.817169706667542 1.7334211818227914 0 0 0 1
1671108979.072871 132.41923373141358 82.864538048266738 1.7300259730063772 0 0 0 1
1671108979.1690764 132.44912499292747 82.931314940431164 1.7620483354481848 0 0 0 1
1671108979.2759259 132.51998977562809 82.950584872461064 1.725204315230485 0 0 0 1
1671108979.3775699 132.5957065021793 83.00063787584044 1.7176949147076357 0 0 0 1
1671108979.4734151 132.66811706242697 83.086342560238009 1.7356835198588669 0 0 0 1
1671108979.569135 132.73561211521627 83.125913485045928 1.7366966763968321 0 0 0 1
1671108979.6690712 132.79052794085527 83.165712685157729 1.7227273575837216 0 0 0 1
1671108979.7744763 132.82895673661639 83.231135939658088 1.7422096528341626 0 0 0 1
1671108979.8718011 132.89672786921423 83.280682269116852 1.7395524938813196 0 0 0 1
1671108979.9660687 132.96650050142674 83.341359030861383 1.7566019141110019 0 0 0 1
1671108980.0734882 133.02156283074211 83.391736764119315 1.7517971850456888 0 0 0 1
1671108980.1687384 133.09269891233393 83.438665675849023 1.7621330105349671 0 0 0 1
1671108980.2676003 133.15657692859457 83.511199215163273 1.774432387367483 0 0 0 1
1671108980.3731666 133.21616395302263 83.612080657139671 1.8142172398190723 0 0 0 1
1671108980.4783974 133.27313090359817 83.652033661955684 1.8096050952988207 0 0 0 1
1671108980.5729675 133.31804539058442 83.706777125157799 1.8106368784583537 0 0 0 1
1671108980.6721168 133.35856682042007 83.763198374325128 1.8300834349141724 0 0 0 1
1671108980.7714889 133.45542190149428 83.810045991774331 1.8275219681542012 0 0 0 1
1671108980.8691454 133.52365413666672 83.850696512902005 1.8257804290950617 0 0 0 1
1671108980.9750855 133.58264080284727 83.894826673664383 1.808573758600005 0 0 0 1
1671108981.0656302 133.63463912580147 83.946580481435646 1.8215386082099485 0 0 0 1
1671108981.1621301 133.70316505481327 84.028768374287594 1.839049415681302 0 0 0 1
1671108981.267704 133.78112074216139 84.092200094005321 1.8323870146379022 0 0 0 1
1671108981.3643646 133.82495977474156 84.148683686448635 1.8574195384372842 0 0 0 1
1671108981.4729686 133.86658421877576 84.197950214828396 1.8609793045771994 0 0 0 1
1671108981.5672503 133.93092211868247 84.258475255117105 1.8649516195537217 0 0 0 1
1671108981.6695731 134.01245909232537 84.325650324703702 1.8861784596364259 0 0 0 1
1671108981.7722323 134.06049412009966 84.378386601746001 1.8707276311450869 0 0 0 1
1671108981.8703823 134.1021323207259 84.429547186607309 1.8684323140399783 0 0 0 1
1671108981.9675493 134.15830718736592 84.488217477567105 1.8762148629816693 0 0 0 1
1671108982.0665696 134.21692092698234 84.591321291091106 1.8831559336272221 0 0 0 1
1671108982.1685915 134.27713381710024 84.644022695475073 1.8775845798436421 0 0 0 1
1671108982.271183 134.29665112148675 84.701294518107403 1.8920924479396035 0 0 0 1
1671108982.3689046 134.35054108723261 84.753771652537196 1.8729911655449314 0 0 0 1
1671108982.4737608 134.42509411779949 84.807778190116863 1.8530328961242049 0 0 0 1
1671108982.5693672 134.47959273414079 84.889767664251551 1.8471790245657758 0 0 0 1
1671108982.6680949 134.49176659369053 84.946563524085263 1.8631932363800843 0 0 0 1
1671108982.7714219 134.53859417281882 85.005209458105483 1.8657145691107644 0 0 0 1
1671108982.8721733 134.56561131460211 85.096851449344598 1.8796184031119765 0 0 0 1
1671108982.9673383 134.60109421683418 85.187120432557322 1.8900557391314123 0 0 0 1
1671108983.0704765 134.63597771036643 85.239003307480417 1.8812959832806655 0 0 0 1
1671108983.1684735 134.65708746628229 85.290113292156846 1.8878935986735996 0 0 0 1
1671108983.2708926 134.68290116063346 85.344516759408322 1.8858146813226995 0 0 0 1
1671108983.3667884 134.72903472862001 85.411729701107276 1.8831452016030426 0 0 0 1
1671108983.4702117 134.73860895645188 85.470002852046036 1.8852605886859237 0 0 0 1
1671108983.5647452 134.75344149110103 85.502703622782207 1.8841406905515896 0 0 0 1
1671108983.6683376 134.78885348376525 85.537290035762496 1.8554425009594979 0 0 0 1
1671108983.7690406 134.80431493498043 85.584125412736483 1.8504030687520299 0 0 0 1
1671108983.8719397 134.82551867478921 85.670197682752772 1.8868529581438906 0 0 0 1
1671108983.9647081 134.84602580207476 85.723105713093858 1.884552174093983 0 0 0 1
1671108984.0666556 134.86876389799909 85.773399649465077 1.8763496514468443 0 0 0 1
1671108984.1699092 134.88461551299201 85.839698166316921 1.8810734941146166 0 0 0 1
1671108984.2691326 134.9253978385627 85.917671284494475 1.8676319797407359 0 0 0 1
1671108984.3669598 134.92722631431312 85.965980564596805 1.8687947140525694 0 0 0 1
1671108984.4706213 134.9398056007114 86.024350247064007 1.8576082893246166 0 0 0 1
1671108984.5634496 134.93822177489866 86.078418947735244 1.8706736363773189 0 0 0 1
1671108984.6628547 134.92002851366195 86.176759278077085 1.8805303048494579 0 0 0 1
1671108984.7699449 134.92665354745702 86.241895390189569 1.8768434607909512 0 0 0 1
1671108984.8751423 134.91996234393284 86.287290698890217 1.8737156129656114 0 0 0 1
1671108984.9673221 134.90576223175049 86.345614590648879 1.8756157805396469 0 0 0 1
1671108985.0640595 134.91394086777643 86.396705086046623 1.8623279426610679 0 0 0 1
1671108985.1647382 134.89844999796199 86.482104083941479 1.8783932753343606 0 0 0 1
1671108985.269855 134.88016020911883 86.527191091320176 1.8881711609016065 0 0 0 1
1671108985.3650634 134.89180368229083 86.563709471371254 1.8749209441925814 0 0 0 1
1671108985.4717684 134.87475752602282 86.622475626077772 1.8752514997428307 0 0 0 1
1671108985.5672512 134.85852989172102 86.67949471631951 1.8776612679097298 0 0 0 1
1671108985.6656556 134.85218144094736 86.745583050850897 1.887350691786537 0 0 0 1
1671108985.7722747 134.82351881831866 86.791674738046822 1.8859770595870486 0 0 0 1
1671108985.8760324 134.80992691434676 86.837082537523528 1.8809646038948813 0 0 0 1
1671108985.9759862 134.79293079892653 86.898418971755248 1.876113465899607 0 0 0 1
1671108986.0757527 134.76239938900869 86.976679890047464 1.8879566357021531 0 0 0 1
1671108986.1726995 134.73089553323072 87.017114100170929 1.8783779210774583 0 0 0 1
1671108986.2716539 134.71419525721686 87.066896207121403 1.8765032196639595 0 0 0 1
1671108986.3687038 134.68624000496541 87.125026721170755 1.8777029465740043 0 0 0 1
1671108986.4708068 134.62264145275819 87.198400103860024 1.9036649193019457 0 0 0 1
1671108986.5674677 134.59379532648177 87.257722715809138 1.9049863014985249 0 0 0 1
1671108986.6745355 134.56264453734346 87.297937527661276 1.9091868709106166 0 0 0 1
1671108986.7728674 134.52059014332494 87.345505577958818 1.9089177721766646 0 0 0 1
1671108986.8835113 134.4822409025976 87.403621772306536 1.8998116110050205 0 0 0 1
1671108986.9703803 134.43935898328914 87.460884826633674 1.8883263845415286 0 0 0 1
1671108987.072119 134.40209499421459 87.50162318458672 1.8692351527467963 0 0 0 1
1671108987.1694536 134.35786554743521 87.547333954259074 1.8898902714076939 0 0 0 1
1671108987.2750051 134.302805594359 87.600473361248063 1.8962802021750349 0 0 0 1
1671108987.3711247 134.23874143673035 87.655157916476128 1.879278977257627 0 0 0 1
1671108987.4738216 134.17558298329223 87.703657790679657 1.8846469395142549 0 0 0 1
1671108987.565304 134.12037692310616 87.733178563659322 1.8927116529810064 0 0 0 1
1671108987.6648533 134.06550272668105 87.772424867986373 1.8902348277539431 0 0 0 1
1671108987.7698035 134.0060706057136 87.83398683668085 1.8877677117338862 0 0 0 1
1671108987.8699706 133.92563282595924 87.889944436590639 1.9034417499242409 0 0 0 1
1671108987.9633594 133.87494476981348 87.921629434369422 1.9006559023919181 0 0 0 1
1671108988.074302 133.82041509014888 87.958052551824821 1.9052315485532745 0 0 0 1
1671108988.1725924 133.7375085748539 88.002621426009071 1.9078584232453295 0 0 0 1
1671108988.271693 133.65125256796918 88.050357412618126 1.9094583493606478 0 0 0 1
1671108988.3698714 133.59096816790387 88.08205767097229 1.9120384868282372 0 0 0 1
1671108988.4618709 133.52844116052572 88.101619778220012 1.9072781493624689 0 0 0 1
1671108988.5682113 133.47804569225693 88.134880725988324 1.8903572004949183 0 0 0 1
1671108988.6711404 133.40205720705018 88.19243581060816 1.8902188122804091 0 0 0 1
1671108988.7660758 133.34579812611491 88.218264141584839 1.8729566932510124 0 0 0 1
1671108988.8677902 133.27896098348535 88.245524650258403 1.8781684122772049 0 0 0 1
1671108988.9677389 133.20255294513061 88.272428023741966 1.8867798726132605 0 0 0 1
1671108989.067965 133.08696344515829 88.299237576775596 1.9028173859228446 0 0 0 1
1671108989.1791184 133.02779106419524 88.31387828326649 1.8674819026069827 0 0 0 1
1671108989.2687991 132.94878377014982 88.334405273972735 1.8843398489119636 0 0 0 1
1671108989.367631 132.87352791629098 88.355273974258594 1.8873842070852334 0 0 0 1
1671108989.4661415 132.80463122761137 88.383434345150434 1.8724502742611548 0 0 0 1
1671108989.5620987 132.70117829176749 88.41022168656535 1.8823599427237241 0 0 0 1
1671108989.6678433 132.63622319375611 88.417614227605142 1.8712281058249118 0 0 0 1
1671108989.7674587 132.54462004678595 88.447133065076926 1.8783079894946013 0 0 0 1
1671108989.8629696 132.44918431516948 88.449712701992411 1.8659494956395974 0 0 0 1
1671108989.9619818 132.35485796651494 88.483506984809722 1.8746394793656691 0 0 0 1
1671108990.0628853 132.28214480311098 88.494117417839249 1.8771503937051648 0 0 0 1
1671108990.1631556 132.22331715931094 88.495051749714065 1.8658530439599872 0 0 0 1
1671108990.2768383 132.14246832572948 88.517858093014297 1.8571664572916688 0 0 0 1
1671108990.3696897 132.06056687586505 88.547489373479337 1.8684464779117889 0 0 0 1
1671108990.4746122 131.98428500964826 88.567495983914355 1.8872733757652895 0 0 0 1
1671108990.5707774 131.93140803355337 88.583620090218247 1.8820659414500369 0 0 0 1
1671108990.6714218 131.86403922241968 88.598089253357401 1.8647459627300123 0 0 0 1
1671108990.7720764 131.74955766844818 88.614646783383151 1.8718979793662811 0 0 0 1
1671108990.8700111 131.66679546149425 88.640664518224895 1.8713891869632562 0 0 0 1
1671108990.970994 131.60518700010977 88.65674394509162 1.8854409994081607 0 0 0 1
1671108991.0704722 131.54160899036373 88.66573528093241 1.884189427596084 0 0 0 1
1671108991.1661942 131.47042485786648 88.683265313375813 1.8720212388517439 0 0 0 1
1671108991.2736704 131.40002526980126 88.719683314210144 1.8887078335790193 0 0 0 1
1671108991.376503 131.34029310519045 88.747728588008172 1.8792667634905911 0 0 0 1
1671108991.4800551 131.28063350988106 88.772275347316352 1.8700595377511036 0 0 0 1
1671108991.5786588 131.1926363650949 88.806261503356609 1.8713038293316231 0 0 0 1
1671108991.6757076 131.1074566871165 88.838078202680109 1.8574209645923929 0 0 0 1
1671108991.7711627 131.03861505640398 88.885043127029618 1.860277180754224 0 0 0 1
1671108991.8719668 130.995275530942 88.904759704618215 1.8516609630290759 0 0 0 1
1671108991.9760711 130.92457774777051 88.941323967346975 1.853031357440841 0 0 0 1
1671108992.0734367 130.84529963276765 89.008628909150517 1.8662919131332956 0 0 0 1
1671108992.1712904 130.77823907941789 89.045157467744886 1.8545507183994232 0 0 0 1
1671108992.2785604 130.72924269226633 89.075652249907662 1.8538873626317809 0 0 0 1
1671108992.372575 130.66342055924903 89.112871309418793 1.8545076164836019 0 0 0 1
1671108992.4859178 130.56242704595255 89.159165918333912 1.8625814640001863 0 0 0 1
1671108992.578335 130.50275541224266 89.196009578603636 1.8511139569568513 0 0 0 1
1671108992.6773932 130.43486193413668 89.233790024420372 1.8573421523299203 0 0 0 1
1671108992.7794499 130.37450565441651 89.262849662814617 1.8588198789402668 0 0 0 1
1671108992.8804128 130.30671100510864 89.2957101628906 1.8477058071408692 0 0 0 1
1671108992.979784 130.24500453728805 89.354498648936584 1.8642096148749943 0 0 0 1
1671108993.0758092 130.19095344704317 89.393426449132463 1.8615956616819176 0 0 0 1
1671108993.1741881 130.13302446324329 89.439684970485018 1.8675064097515133 0 0 0 1
1671108993.283041 130.05947762144871 89.484736444126938 1.8667896561161115 0 0 0 1
1671108993.3734055 129.96755083828774 89.543142038932714 1.8732430051261417 0 0 0 1
1671108993.47521 129.91641174619494 89.594545244674222 1.8682586686703644 0 0 0 1
1671108993.5800588 129.87084582840851 89.616301525947151 1.8645254108515701 0 0 0 1
1671108993.6806791 129.81647883896966 89.650743524593722 1.8719468394924661 0 0 0 1
1671108993.7770786 129.76799021415545 89.691866299187595 1.8710830931978535 0 0 0 1
1671108993.8812575 129.7196256483011 89.759025315199622 1.8756094029779433 0 0 0 1
1671108993.9832187 129.672851096909 89.810647605900698 1.8700415927394261 0 0 0 1
1671108994.0748007 129.62206665930185 89.866585339404722 1.8808236631763293 0 0 0 1
1671108994.1734822 129.56947161039656 89.925905945595474 1.8713653626664382 0 0 0 1
1671108994.2801785 129.49453675816818 90.008387552874638 1.8696942201154343 0 0 0 1
1671108994.3728445 129.44830021086469 90.072781715517152 1.877723254381749 0 0 0 1
1671108994.4683189 129.39301173989202 90.124610493551302 1.8858478498622162 0 0 0 1
1671108994.5747862 129.33842192668297 90.191686508625253 1.8786463814075205 0 0 0 1
1671108994.6878045 129.27808493652662 90.292979662770207 1.8731611489699844 0 0 0 1
1671108994.7811842 129.22359497829081 90.353145865903656 1.8759131725998941 0 0 0 1
1671108994.8807979 129.18078112069711 90.401198059024296 1.8658621637858914 0 0 0 1
1671108994.9843593 129.10785150860613 90.468885624740835 1.8739322774474658 0 0 0 1
1671108995.0778847 129.01213094427885 90.547827641781538 1.8666107621204446 0 0 0 1
1671108995.1772611 128.9592752879787 90.611615298543242 1.8632251885974256 0 0 0 1
1671108995.2887642 128.90455865564368 90.657356514959844 1.8667438843950777 0 0 0 1
1671108995.3752637 128.83780104592867 90.711422820545664 1.8744376196348185 0 0 0 1
1671108995.4770417 128.77652327756493 90.783223373492717 1.8659610446825354 0 0 0 1
1671108995.5732963 128.70087305016159 90.845763319047521 1.8751584499457294 0 0 0 1
1671108995.6768348 128.64857907739457 90.899264964575067 1.8704760711117387 0 0 0 1
1671108995.7819426 128.58287759302314 90.962673089919463 1.8688783593156586 0 0 0 1
1671108995.8775864 128.48908163864607 91.043355232983799 1.8656140471382514 0 0 0 1
1671108995.9935825 128.43679946096782 91.107901280508315 1.8650658858697398 0 0 0 1
1671108996.0757587 128.38361622651095 91.154816873337566 1.8632867799013866 0 0 0 1
1671108996.1744444 128.32173904312762 91.209034125076698 1.8707909531673295 0 0 0 1
1671108996.2837164 128.26600124491978 91.282079531484186 1.8597122568755822 0 0 0 1
1671108996.3737051 128.19939608737877 91.357192114740911 1.8687059605442755 0 0 0 1
1671108996.4781127 128.14103059286774 91.403233606362534 1.8625149649667492 0 0 0 1
1671108996.575429 128.07908495041318 91.452800809195253 1.860640844379418 0 0 0 1
1671108996.6762261 127.98382463785946 91.516033385838213 1.85846836293058 0 0 0 1
1671108996.7784867 127.91418445412143 91.581542765680013 1.8623631252846735 0 0 0 1
1671108996.8814754 127.86060316326532 91.61732424611742 1.8648083319690159 0 0 0 1
1671108996.9863958 127.80044533427443 91.662694142378513 1.8613596621412398 0 0 0 1
1671108997.0750284 127.73102047983151 91.729782288261845 1.8554580453532026 0 0 0 1
1671108997.1754179 127.66017800676197 91.78130018367122 1.8688482237930657 0 0 0 1
1671108997.2855809 127.60713370882888 91.811298579452171 1.8479036718623547 0 0 0 1
1671108997.3825934 127.55110715648364 91.847561205671838 1.8383620372391078 0 0 0 1
1671108997.4841657 127.4604037225478 91.886743497603746 1.8542252665512251 0 0 0 1
1671108997.5790133 127.37768968183539 91.931500575227943 1.8492102769263283 0 0 0 1
1671108997.6804109 127.3111458925668 91.966307528317941 1.8454159152295233 0 0 0 1
1671108997.7753201 127.23888241899567 91.995952663276299 1.8490128513085438 0 0 0 1
1671108997.8761051 127.15335046040086 92.039688566968508 1.8491903257411195 0 0 0 1
1671108997.9885082 127.0755070116447 92.07185219880688 1.8480108811316995 0 0 0 1
1671108998.0777009 127.01648465684819 92.086979718577439 1.8350622957699443 0 0 0 1
1671108998.1772532 126.94614752326842 92.10878867175397 1.8469604666299801 0 0 0 1
1671108998.2949224 126.85451729601947 92.13381721352286 1.8445433730348668 0 0 0 1
1671108998.3804767 126.75126794336026 92.156176113170716 1.8529510448262272 0 0 0 1
1671108998.4820075 126.68121939249373 92.161641029262682 1.8431497310516534 0 0 0 1
1671108998.5765753 126.60894627809057 92.162775689890154 1.8436464152783856 0 0 0 1
1671108998.6795039 126.53287321520089 92.176974686454599 1.8343812836227471 0 0 0 1
1671108998.7766731 126.43456352658829 92.197218723390591 1.8439150373532129 0 0 0 1
1671108998.8764024 126.35502211828192 92.205752414646739 1.8351210799982027 0 0 0 1
1671108998.977138 126.28124605709475 92.213948072273283 1.8306752692835744 0 0 0 1
1671108999.0819833 126.18607112562658 92.21394428075854 1.8303244447085945 0 0 0 1
1671108999.1738589 126.04068603146607 92.204797409021936 1.8244831792462719 0 0 0 1
1671108999.2883472 125.97039204147869 92.218481293832752 1.8126107607814674 0 0 0 1
1671108999.3767064 125.91324256129228 92.213163861510878 1.8165198189490184 0 0 0 1
1671108999.4775095 125.84382267815026 92.219150120332429 1.8125009530326679 0 0 0 1
1671108999.5744462 125.75378775502355 92.254762351686054 1.8086110126185986 0 0 0 1
1671108999.6761785 125.68320259042112 92.270573461549759 1.7980914381539606 0 0 0 1
1671108999.7766652 125.62438118582884 92.285317314643549 1.7908591245296748 0 0 0 1
1671108999.8756752 125.55199436980348 92.299043689463048 1.7878343342550806 0 0 0 1
1671108999.981312 125.44931969731529 92.305484401164861 1.7829077706638827 0 0 0 1
1671109000.0782814 125.35698120227958 92.338849456117487 1.774266454424378 0 0 0 1
1671109000.1828184 125.30136516420981 92.353171155998609 1.7603269689009267 0 0 0 1
1671109000.2869725 125.23799378931466 92.361027377935486 1.7726133257664287 0 0 0 1
1671109000.3780234 125.17493885000526 92.380827847195306 1.7703851374914166 0 0 0 1
1671109000.4804499 125.10819070574824 92.411839327512254 1.7683718523020389 0 0 0 1
1671109000.5732183 125.0515717114762 92.440951511922322 1.760390058927328 0 0 0 1
1671109000.6765935 125.00213084357462 92.466287649290834 1.7619060785436886 0 0 0 1
1671109000.7768755 124.93074463674137 92.489179613442914 1.7594324779228145 0 0 0 1
1671109000.876502 124.82498417596295 92.519654013180684 1.7432379554663839 0 0 0 1
1671109000.9821489 124.774417857836 92.555346101763575 1.7467528148459905 0 0 0 1
1671109001.0851207 124.72866720009391 92.569631389508828 1.7515156296417445 0 0 0 1
1671109001.1772325 124.67480080319631 92.584656551653694 1.743892131272105 0 0 0 1
1671109001.2968714 124.62459544749042 92.608695681956547 1.736369332245431 0 0 0 1
1671109001.3754497 124.57900231749969 92.644242575942769 1.7383500109417582 0 0 0 1
1671109001.48001 124.54079881575471 92.663864925655474 1.7291178025162708 0 0 0 1
1671109001.5748541 124.50466162380971 92.693550712580475 1.7280429329242679 0 0 0 1
1671109001.6761086 124.44777800749937 92.735075216669742 1.7248505202535398 0 0 0 1
1671109001.7761543 124.35062858875769 92.791632853249453 1.7360889766247283 0 0 0 1
1671109001.875268 124.30367049263923 92.839042163210536 1.7372762439914595 0 0 0 1
1671109001.979986 124.25140615571406 92.875646398460489 1.7410942256798307 0 0 0 1
1671109002.0758324 124.18322584231539 92.914859698067929 1.7530842171199765 0 0 0 1
1671109002.1773949 124.11289252193592 92.980753180970652 1.7524005044576825 0 0 0 1
1671109002.2870777 124.05162705503373 93.020276643135489 1.7423970442804375 0 0 0 1
1671109002.3829899 123.99572221305826 93.061742306953931 1.7441065067737327 0 0 0 1
1671109002.479507 123.91629311128152 93.102960722074968 1.7437148403976153 0 0 0 1
1671109002.5766335 123.80783697938222 93.165478037457632 1.7454310706795013 0 0 0 1
1671109002.6753862 123.752386047276 93.214101998134666 1.7377138490290918 0 0 0 1
1671109002.7786462 123.69410567315941 93.240498792750273 1.7447390960899156 0 0 0 1
1671109002.8782425 123.63072019961385 93.273191832448305 1.7381529049611117 0 0 0 1
1671109002.9810321 123.569558523331 93.322708077676737 1.7362633513693027 0 0 0 1
1671109003.0785475 123.50448893135439 93.367792685679888 1.730230565633633 0 0 0 1
1671109003.1761355 123.44818749758984 93.404504890147507 1.729338294565764 0 0 0 1
1671109003.2882853 123.37633422230493 93.455252645535921 1.7329318751999381 0 0 0 1
1671109003.3770099 123.26465102016142 93.50818040245214 1.7327098921695097 0 0 0 1
1671109003.4729764 123.19170081505096 93.566309935273935 1.7289321443662402 0 0 0 1
1671109003.5752103 123.1368286923053 93.597460872841836 1.7301827105629854 0 0 0 1
1671109003.6758711 123.07268101160787 93.635221672925113 1.7344523358875676 0 0 0 1
1671109003.7748411 123.00986764766076 93.684673847037573 1.7248815220852975 0 0 0 1
1671109003.876858 122.94332712967088 93.751262072296612 1.7277359586173588 0 0 0 1
1671109003.9799392 122.8954932322147 93.79090163383114 1.7279199209148146 0 0 0 1
1671109004.0798154 122.84313607818693 93.826429316725211 1.7160856873507555 0 0 0 1
1671109004.1762564 122.78024613187493 93.870599247435351 1.7113217155449547 0 0 0 1
1671109004.2855759 122.68982640098831 93.937468099350554 1.7218023526891102 0 0 0 1
1671109004.3851783 122.6494157822632 93.983277597755659 1.7276080670993679 0 0 0 1
1671109004.4859076 122.59039667425624 94.016905599303684 1.727981177772449 0 0 0 1
1671109004.5820026 122.52037697004843 94.053788562167824 1.732187171585565 0 0 0 1
1671109004.6773646 122.45614568412502 94.10920909343028 1.7451229956468524 0 0 0 1
1671109004.7788284 122.38613002457961 94.149033526065367 1.7415537300657888 0 0 0 1
1671109004.8754516 122.32242437492555 94.189273509440852 1.7262902192715046 0 0 0 1
1671109004.9749389 122.21520341419921 94.241978693541782 1.7295325336785936 0 0 0 1
1671109005.0749137 122.14720872394615 94.301561855660196 1.7412960275662499 0 0 0 1
1671109005.1761503 122.09075779408704 94.334730682396582 1.729312700247533 0 0 0 1
1671109005.2910211 122.0264236228535 94.378274261868498 1.7318738280530397 0 0 0 1
1671109005.3771026 121.96304406857658 94.445320768658775 1.7362039040907575 0 0 0 1
1671109005.4777863 121.90010961280866 94.500848578700072 1.7349310602802461 0 0 0 1
1671109005.5769498 121.84338601977478 94.540917600167163 1.7207244458106743 0 0 0 1
1671109005.68995 121.77873448789694 94.589649011629447 1.7274079279284251 0 0 0 1
1671109005.7794478 121.67391330358701 94.64337426925033 1.7220622394272596 0 0 0 1
1671109005.8775971 121.60263227614585 94.709137042829298 1.7225321970699952 0 0 0 1
1671109005.9832263 121.55599108090732 94.747481053520815 1.7242699380892645 0 0 0 1
1671109006.0855982 121.49295883594593 94.792895189751391 1.7313304995503813 0 0 0 1
1671109006.1935394 121.41634527028262 94.872406668416815 1.7455321394991188 0 0 0 1
1671109006.2919621 121.34316379895918 94.904251322335483 1.7354254296399176 0 0 0 1
1671109006.3828804 121.28502326904548 94.946884528696728 1.7207342246572352 0 0 0 1
1671109006.4807782 121.17875357736968 94.992931085592218 1.7263176136234506 0 0 0 1
1671109006.574893 121.11703368869563 95.046893952982032 1.7385049556144168 0 0 0 1
1671109006.677182 121.06377274063236 95.067802935078859 1.7383231316043748 0 0 0 1
1671109006.7829916 120.99626356312353 95.082278800837443 1.7440314060595483 0 0 0 1
1671109006.8756626 120.93328302822312 95.109405590276083 1.7564633352402552 0 0 0 1
1671109006.9789133 120.85657786359575 95.142243985047514 1.7427740940681815 0 0 0 1
1671109007.0864115 120.79146056198208 95.177093690244817 1.7355768472458522 0 0 0 1
1671109007.1746707 120.70702633819543 95.220990464042686 1.7308033307599544 0 0 0 1
1671109007.2911317 120.61444278796581 95.279526779970013 1.7368379788952097 0 0 0 1
1671109007.3821473 120.56359975489192 95.316311296846152 1.7278008980182449 0 0 0 1
1671109007.4795246 120.50461502098565 95.340644729588789 1.7369447131133029 0 0 0 1
1671109007.5742321 120.43932628888356 95.379231780786455 1.7404751270704537 0 0 0 1
